,playerId,shirtNo,name,position,height,weight,age,isFirstEleven,isManOfTheMatch,field,stats,subbedInPlayerId,subbedOutPeriod,subbedOutExpandedMinute,subbedInPeriod,subbedInExpandedMinute,subbedOutPlayerId,teamId
0,260843,24,André Onana,GK,190,93,27,True,False,home,"{'totalSaves': {'7': 1.0, '37': 1.0, '48': 1.0, '61': 1.0, '70': 1.0, '75': 1.0, '84': 1.0}, 'collected': {'70': 1.0}, 'parriedSafe': {'19': 1.0, '37': 1.0, '48': 1.0, '61': 1.0, '75': 1.0}, 'parriedDanger': {'7': 1.0, '84': 1.0}, 'possession': {'0': 3.0, '5': 1.0, '6': 4.0, '8': 2.0, '10': 1.0, '11': 2.0, '13': 3.0, '14': 1.0, '16': 2.0, '20': 1.0, '26': 2.0, '27': 1.0, '28': 1.0, '29': 1.0, '30': 1.0, '32': 1.0, '33': 1.0, '42': 2.0, '53': 1.0, '55': 1.0, '56': 1.0, '57': 1.0, '58': 1.0, '63': 2.0, '65': 1.0, '66': 1.0, '67': 1.0, '68': 1.0, '70': 1.0, '80': 1.0, '86': 1.0}, 'ratings': {'0': 6.0, '5': 6.0, '6': 6.0, '7': 6.41, '8': 6.43, '10': 6.42, '11': 6.41, '13': 6.4, '14': 6.4, '16': 6.39, '19': 6.56, '20': 6.56, '25': 6.19, '26': 6.19, '27': 6.2, '28': 6.18, '29': 6.18, '30': 6.18, '32': 6.18, '33': 6.17, '37': 6.27, '42': 6.28, '48': 6.64, '53': 6.39, '55': 6.39, '56': 6.4, '57': 6.4, '58': 6.41, '61': 6.78, '63': 6.78, '65': 6.78, '66': 6.78, '67': 6.79, '68': 6.8, '70': 6.9, '75': 7.1, '77': 7.07, '80': 7.08, '84': 7.08, '86': 7.07}, 'clearances': {'7': 1.0}, 'touches': {'0': 3.0, '5': 1.0, '6': 4.0, '7': 2.0, '8': 2.0, '10': 1.0, '11': 2.0, '13': 3.0, '14': 1.0, '16': 2.0, '19': 1.0, '20': 1.0, '26': 2.0, '27': 1.0, '28': 1.0, '29': 1.0, '30': 1.0, '32': 1.0, '33': 1.0, '37': 1.0, '38': 1.0, '42': 2.0, '48': 1.0, '53': 1.0, '55': 1.0, '56': 1.0, '57': 1.0, '58': 1.0, '61': 1.0, '63': 2.0, '65': 1.0, '66': 1.0, '67': 1.0, '68': 1.0, '70': 2.0, '75': 1.0, '77': 1.0, '80': 1.0, '84': 1.0, '86': 1.0}, 'passesTotal': {'0': 3.0, '5': 1.0, '6': 4.0, '8': 2.0, '11': 2.0, '13': 3.0, '16': 2.0, '20': 1.0, '26': 2.0, '27': 1.0, '29': 1.0, '30': 1.0, '32': 1.0, '42': 2.0, '53': 1.0, '55': 1.0, '56': 1.0, '57': 1.0, '63': 2.0, '65': 1.0, '66': 1.0, '67': 1.0, '68': 1.0, '80': 1.0, '10': 1.0, '14': 1.0, '28': 1.0, '33': 1.0, '86': 1.0}, 'passesAccurate': {'0': 2.0, '5': 1.0, '6': 3.0, '8': 2.0, '11': 1.0, '13': 2.0, '16': 1.0, '20': 1.0, '26': 2.0, '27': 1.0, '29': 1.0, '30': 1.0, '32': 1.0, '42': 2.0, '53': 1.0, '55': 1.0, '56': 1.0, '57': 1.0, '63': 2.0, '65': 1.0, '66': 1.0, '67': 1.0, '68': 1.0, '80': 1.0}, 'passSuccess': {'0': 66.67, '5': 100.0, '6': 75.0, '8': 100.0, '11': 50.0, '13': 66.67, '16': 50.0, '20': 100.0, '26': 100.0, '27': 100.0, '29': 100.0, '30': 100.0, '32': 100.0, '42': 100.0, '53': 100.0, '55': 100.0, '56': 100.0, '57': 100.0, '63': 100.0, '65': 100.0, '66': 100.0, '67': 100.0, '68': 100.0, '80': 100.0, '10': 0.0, '14': 0.0, '28': 0.0, '33': 0.0, '86': 0.0}}",,,,,,,32
1,353418,20,Diogo Dalot,DR,183,76,24,True,False,home,"{'possession': {'0': 1.0, '1': 1.0, '5': 1.0, '6': 1.0, '12': 1.0, '14': 2.0, '18': 1.0, '27': 2.0, '32': 1.0, '45': 1.0, '53': 1.0, '55': 1.0, '57': 1.0, '59': 1.0, '64': 1.0, '66': 1.0, '68': 2.0, '69': 1.0, '70': 1.0, '72': 2.0, '73': 2.0, '80': 1.0, '85': 1.0, '88': 1.0, '89': 2.0, '90': 2.0, '95': 1.0}, 'ratings': {'0': 6.0, '1': 6.09, '5': 6.09, '6': 6.09, '12': 6.09, '14': 6.1, '18': 6.13, '19': 6.27, '25': 6.1, '27': 6.1, '32': 6.09, '34': 6.18, '41': 6.14, '45': 6.14, '53': 5.98, '55': 5.97, '57': 5.98, '59': 6.11, '64': 6.09, '66': 6.09, '68': 6.1, '69': 6.1, '70': 6.1, '72': 6.1, '73': 6.11, '79': 6.16, '80': 6.16, '84': 5.99, '85': 5.99, '88': 5.99, '89': 5.99, '90': 6.0, '92': 6.1, '95': 6.1}, 'clearances': {'18': 1.0, '19': 1.0, '79': 1.0}, 'interceptions': {'92': 1.0}, 'touches': {'0': 1.0, '1': 1.0, '5': 1.0, '6': 1.0, '12': 1.0, '14': 2.0, '18': 2.0, '19': 1.0, '27': 2.0, '29': 1.0, '32': 1.0, '34': 1.0, '35': 1.0, '45': 1.0, '50': 1.0, '53': 1.0, '55': 1.0, '57': 1.0, '59': 2.0, '63': 1.0, '64': 1.0, '66': 1.0, '68': 2.0, '69': 1.0, '70': 1.0, '72': 2.0, '73': 3.0, '79': 1.0, '80': 1.0, '85': 1.0, '86': 1.0, '88': 1.0, '89': 2.0, '90': 2.0, '92': 1.0, '95': 1.0}, 'passesTotal': {'0': 1.0, '5': 1.0, '6': 1.0, '12': 1.0, '14': 2.0, '27': 2.0, '45': 1.0, '53': 1.0, '57': 1.0, '66': 1.0, '68': 2.0, '69': 1.0, '72': 2.0, '73': 2.0, '80': 1.0, '88': 1.0, '89': 2.0, '90': 2.0, '95': 1.0, '18': 1.0, '32': 1.0, '59': 1.0, '64': 1.0, '85': 1.0}, 'passesAccurate': {'0': 1.0, '5': 1.0, '6': 1.0, '12': 1.0, '14': 2.0, '27': 2.0, '45': 1.0, '53': 1.0, '57': 1.0, '66': 1.0, '68': 2.0, '69': 1.0, '72': 2.0, '73': 2.0, '80': 1.0, '88': 1.0, '89': 2.0, '90': 2.0, '95': 1.0}, 'passSuccess': {'0': 100.0, '5': 100.0, '6': 100.0, '12': 100.0, '14': 100.0, '27': 100.0, '45': 100.0, '53': 100.0, '57': 100.0, '66': 100.0, '68': 100.0, '69': 100.0, '72': 100.0, '73': 100.0, '80': 100.0, '88': 100.0, '89': 100.0, '90': 100.0, '95': 100.0, '18': 0.0, '32': 0.0, '59': 0.0, '64': 0.0, '85': 0.0}, 'aerialsTotal': {'19': 1.0}, 'aerialsWon': {'19': 1.0}, 'defensiveAerials': {'19': 1.0}, 'throwInsTotal': {'29': 1.0, '63': 1.0, '73': 1.0}, 'throwInsAccurate': {'29': 1.0, '63': 1.0, '73': 1.0}, 'tacklesTotal': {'59': 1.0, '34': 1.0, '41': 1.0}, 'tackleSuccessful': {'59': 1.0, '34': 1.0}, 'tackleUnsuccesful': {'41': 1.0}, 'tackleSuccess': {'59': 100.0, '34': 100.0, '41': 0.0}, 'dribbledPast': {'41': 1.0}}",,,,,,,32
2,99487,5,Harry Maguire,DC,194,90,30,True,False,home,"{'possession': {'0': 2.0, '5': 4.0, '6': 2.0, '10': 2.0, '12': 1.0, '14': 4.0, '26': 1.0, '27': 3.0, '29': 2.0, '32': 1.0, '45': 1.0, '48': 1.0, '51': 1.0, '55': 1.0, '56': 1.0, '57': 2.0, '59': 1.0, '63': 2.0, '66': 2.0, '68': 1.0, '69': 1.0, '71': 1.0, '73': 1.0, '79': 1.0, '80': 5.0, '85': 3.0, '87': 1.0, '88': 1.0, '89': 1.0, '90': 2.0, '93': 2.0}, 'ratings': {'0': 6.0, '5': 6.01, '6': 6.01, '7': 6.06, '8': 6.1, '9': 6.15, '10': 6.15, '12': 6.16, '14': 6.16, '17': 6.21, '25': 6.01, '26': 6.01, '27': 6.02, '29': 6.02, '32': 6.02, '35': 6.07, '37': 6.12, '39': 6.17, '44': 6.22, '45': 6.22, '47': 6.27, '48': 6.34, '51': 6.34, '53': 6.14, '55': 6.14, '56': 6.15, '57': 6.16, '59': 6.15, '62': 6.23, '63': 6.23, '66': 6.25, '68': 6.25, '69': 6.25, '71': 6.25, '73': 6.26, '79': 6.26, '80': 6.27, '84': 6.07, '85': 6.07, '87': 6.07, '88': 6.07, '89': 6.08, '90': 6.07, '93': 6.08, '98': 6.13}, 'shotsTotal': {'47': 1.0}, 'shotsOffTarget': {'47': 1.0}, 'clearances': {'7': 1.0, '9': 1.0, '17': 1.0, '35': 1.0, '37': 1.0, '39': 1.0, '44': 1.0, '98': 1.0}, 'touches': {'0': 2.0, '5': 4.0, '6': 2.0, '7': 1.0, '8': 1.0, '9': 1.0, '10': 2.0, '12': 1.0, '14': 4.0, '17': 1.0, '26': 1.0, '27': 3.0, '29': 2.0, '32': 1.0, '35': 1.0, '37': 1.0, '39': 1.0, '44': 1.0, '45': 1.0, '47': 1.0, '48': 1.0, '51': 1.0, '55': 1.0, '56': 1.0, '57': 2.0, '59': 1.0, '62': 1.0, '63': 2.0, '66': 2.0, '68': 1.0, '69': 1.0, '71': 1.0, '73': 1.0, '79': 1.0, '80': 5.0, '85': 3.0, '87': 1.0, '88': 1.0, '89': 1.0, '90': 2.0, '93': 2.0, '98': 1.0}, 'passesTotal': {'0': 2.0, '5': 4.0, '6': 2.0, '10': 2.0, '12': 1.0, '14': 4.0, '26': 1.0, '27': 3.0, '29': 2.0, '32': 1.0, '45': 1.0, '51': 1.0, '55': 1.0, '56': 1.0, '57': 2.0, '63': 2.0, '66': 2.0, '68': 1.0, '69': 1.0, '71': 1.0, '73': 1.0, '79': 1.0, '80': 5.0, '85': 3.0, '87': 1.0, '88': 1.0, '89': 1.0, '90': 2.0, '93': 2.0, '48': 1.0, '59': 1.0}, 'passesAccurate': {'0': 2.0, '5': 3.0, '6': 2.0, '10': 2.0, '12': 1.0, '14': 3.0, '26': 1.0, '27': 3.0, '29': 1.0, '32': 1.0, '45': 1.0, '51': 1.0, '55': 1.0, '56': 1.0, '57': 2.0, '63': 2.0, '66': 2.0, '68': 1.0, '69': 1.0, '71': 1.0, '73': 1.0, '79': 1.0, '80': 5.0, '85': 2.0, '87': 1.0, '88': 1.0, '89': 1.0, '90': 1.0, '93': 2.0}, 'passSuccess': {'0': 100.0, '5': 75.0, '6': 100.0, '10': 100.0, '12': 100.0, '14': 75.0, '26': 100.0, '27': 100.0, '29': 50.0, '32': 100.0, '45': 100.0, '51': 100.0, '55': 100.0, '56': 100.0, '57': 100.0, '63': 100.0, '66': 100.0, '68': 100.0, '69': 100.0, '71': 100.0, '73': 100.0, '79': 100.0, '80': 100.0, '85': 66.67, '87': 100.0, '88': 100.0, '89': 100.0, '90': 50.0, '93': 100.0, '48': 0.0, '59': 0.0}, 'aerialsTotal': {'47': 1.0, '48': 1.0}, 'aerialsWon': {'47': 1.0, '48': 1.0}, 'offensiveAerials': {'47': 1.0}, 'defensiveAerials': {'48': 1.0}, 'tacklesTotal': {'62': 1.0}, 'tackleSuccessful': {'62': 1.0}, 'tackleSuccess': {'62': 100.0}}",,,,,,,32
3,22079,35,Jonny Evans,DC,188,77,35,True,False,home,"{'possession': {'0': 1.0, '5': 1.0, '6': 1.0, '8': 3.0, '10': 2.0, '11': 1.0, '12': 1.0, '13': 3.0, '14': 2.0, '16': 1.0, '20': 1.0, '26': 1.0, '27': 2.0, '29': 2.0, '30': 2.0, '33': 1.0, '38': 1.0, '42': 1.0, '45': 2.0, '46': 1.0, '50': 2.0, '53': 1.0, '55': 2.0, '56': 1.0, '57': 4.0, '61': 1.0, '63': 2.0, '65': 2.0, '66': 1.0, '67': 1.0, '68': 2.0, '70': 2.0, '77': 1.0, '79': 1.0, '80': 3.0, '85': 1.0, '86': 1.0, '87': 1.0, '90': 1.0, '92': 1.0, '93': 2.0}, 'ratings': {'0': 6.0, '5': 6.0, '6': 6.0, '8': 5.99, '10': 5.99, '11': 5.99, '12': 5.99, '13': 6.0, '14': 6.0, '16': 6.0, '20': 6.0, '25': 5.81, '26': 5.81, '27': 5.81, '29': 5.8, '30': 5.79, '31': 5.84, '33': 5.84, '35': 5.89, '36': 5.88, '38': 5.88, '42': 5.88, '44': 5.93, '45': 5.93, '46': 5.94, '48': 5.99, '50': 5.99, '53': 5.79, '55': 5.78, '56': 5.79, '57': 5.79, '61': 5.8, '63': 5.8, '65': 5.8, '66': 5.79, '67': 5.79, '68': 5.79, '70': 5.81, '76': 5.86, '77': 5.86, '79': 5.86, '80': 5.88, '84': 5.68, '85': 5.68, '86': 5.68, '87': 5.68, '90': 5.68, '92': 5.66, '93': 5.66, '98': 5.64}, 'clearances': {'31': 1.0, '35': 1.0, '44': 1.0, '76': 1.0}, 'touches': {'0': 1.0, '5': 1.0, '6': 1.0, '8': 3.0, '10': 2.0, '11': 1.0, '12': 1.0, '13': 3.0, '14': 2.0, '16': 1.0, '20': 1.0, '26': 1.0, '27': 2.0, '29': 2.0, '30': 2.0, '31': 1.0, '33': 1.0, '35': 1.0, '38': 1.0, '42': 1.0, '44': 1.0, '45': 2.0, '46': 1.0, '48': 1.0, '50': 2.0, '53': 1.0, '55': 2.0, '56': 1.0, '57': 4.0, '61': 1.0, '63': 2.0, '65': 2.0, '66': 1.0, '67': 1.0, '68': 2.0, '70': 2.0, '76': 1.0, '77': 1.0, '79': 1.0, '80': 3.0, '85': 1.0, '86': 1.0, '87': 1.0, '90': 1.0, '92': 1.0, '93': 2.0}, 'passesTotal': {'0': 1.0, '5': 1.0, '6': 1.0, '8': 3.0, '10': 2.0, '11': 1.0, '12': 1.0, '13': 3.0, '14': 2.0, '16': 1.0, '20': 1.0, '26': 1.0, '27': 2.0, '29': 2.0, '30': 2.0, '33': 1.0, '38': 1.0, '42': 1.0, '45': 2.0, '46': 1.0, '50': 2.0, '53': 1.0, '55': 2.0, '56': 1.0, '57': 4.0, '61': 1.0, '63': 2.0, '65': 2.0, '67': 1.0, '68': 2.0, '70': 2.0, '77': 1.0, '79': 1.0, '80': 3.0, '85': 1.0, '86': 1.0, '87': 1.0, '90': 1.0, '93': 2.0, '66': 1.0, '92': 1.0}, 'passesAccurate': {'0': 1.0, '5': 1.0, '6': 1.0, '8': 1.0, '10': 2.0, '11': 1.0, '12': 1.0, '13': 3.0, '14': 2.0, '16': 1.0, '20': 1.0, '26': 1.0, '27': 2.0, '29': 1.0, '30': 1.0, '33': 1.0, '38': 1.0, '42': 1.0, '45': 2.0, '46': 1.0, '50': 2.0, '53': 1.0, '55': 1.0, '56': 1.0, '57': 4.0, '61': 1.0, '63': 2.0, '65': 1.0, '67': 1.0, '68': 2.0, '70': 2.0, '77': 1.0, '79': 1.0, '80': 3.0, '85': 1.0, '86': 1.0, '87': 1.0, '90': 1.0, '93': 1.0}, 'passSuccess': {'0': 100.0, '5': 100.0, '6': 100.0, '8': 33.33, '10': 100.0, '11': 100.0, '12': 100.0, '13': 100.0, '14': 100.0, '16': 100.0, '20': 100.0, '26': 100.0, '27': 100.0, '29': 50.0, '30': 50.0, '33': 100.0, '38': 100.0, '42': 100.0, '45': 100.0, '46': 100.0, '50': 100.0, '53': 100.0, '55': 50.0, '56': 100.0, '57': 100.0, '61': 100.0, '63': 100.0, '65': 50.0, '67': 100.0, '68': 100.0, '70': 100.0, '77': 100.0, '79': 100.0, '80': 100.0, '85': 100.0, '86': 100.0, '87': 100.0, '90': 100.0, '93': 50.0, '66': 0.0, '92': 0.0}, 'aerialsTotal': {'50': 1.0, '92': 1.0}, 'offensiveAerials': {'92': 1.0}, 'defensiveAerials': {'50': 1.0}, 'foulsCommited': {'36': 1.0, '98': 1.0}}",,,,,,,32
4,100008,2,Victor Lindelöf,DL,187,80,29,True,False,home,"{'possession': {'0': 2.0, '1': 1.0, '6': 1.0, '11': 1.0, '13': 1.0, '14': 1.0, '16': 1.0, '20': 2.0, '26': 2.0, '27': 3.0, '29': 2.0, '30': 1.0, '42': 1.0, '45': 1.0, '50': 1.0, '56': 1.0, '57': 4.0, '61': 1.0, '66': 1.0, '67': 2.0, '68': 1.0, '73': 2.0, '77': 2.0}, 'ratings': {'0': 6.0, '1': 6.0, '4': 6.08, '6': 6.08, '11': 6.08, '13': 6.08, '14': 6.08, '16': 6.08, '20': 6.13, '25': 5.96, '26': 5.97, '27': 5.98, '29': 5.98, '30': 5.99, '42': 6.08, '45': 6.08, '50': 6.08, '53': 5.91, '56': 5.92, '57': 5.92, '58': 5.9, '59': 5.98, '61': 5.99, '66': 6.0, '67': 6.0, '68': 6.0, '73': 6.01, '77': 6.01}, 'clearances': {'20': 1.0}, 'interceptions': {'4': 1.0, '42': 1.0}, 'touches': {'0': 2.0, '1': 1.0, '4': 1.0, '6': 1.0, '11': 1.0, '13': 1.0, '14': 1.0, '16': 1.0, '20': 3.0, '26': 2.0, '27': 3.0, '29': 2.0, '30': 2.0, '42': 2.0, '45': 1.0, '50': 2.0, '53': 1.0, '55': 1.0, '56': 2.0, '57': 4.0, '58': 1.0, '59': 1.0, '61': 2.0, '66': 2.0, '67': 2.0, '68': 1.0, '73': 2.0, '77': 2.0}, 'passesTotal': {'0': 2.0, '6': 1.0, '11': 1.0, '13': 1.0, '16': 1.0, '20': 2.0, '26': 2.0, '27': 3.0, '29': 2.0, '30': 1.0, '45': 1.0, '50': 1.0, '56': 1.0, '57': 4.0, '61': 1.0, '66': 1.0, '67': 2.0, '68': 1.0, '73': 2.0, '77': 2.0, '14': 1.0, '42': 1.0}, 'passesAccurate': {'0': 2.0, '6': 1.0, '11': 1.0, '13': 1.0, '16': 1.0, '20': 2.0, '26': 2.0, '27': 3.0, '29': 2.0, '30': 1.0, '45': 1.0, '50': 1.0, '56': 1.0, '57': 3.0, '61': 1.0, '66': 1.0, '67': 2.0, '68': 1.0, '73': 2.0, '77': 1.0}, 'passSuccess': {'0': 100.0, '6': 100.0, '11': 100.0, '13': 100.0, '16': 100.0, '20': 100.0, '26': 100.0, '27': 100.0, '29': 100.0, '30': 100.0, '45': 100.0, '50': 100.0, '56': 100.0, '57': 75.0, '61': 100.0, '66': 100.0, '67': 100.0, '68': 100.0, '73': 100.0, '77': 50.0, '14': 0.0, '42': 0.0}, 'aerialsTotal': {'58': 1.0}, 'defensiveAerials': {'58': 1.0}, 'throwInsTotal': {'30': 1.0, '50': 1.0, '55': 1.0, '56': 1.0, '58': 1.0, '61': 1.0, '66': 1.0}, 'throwInsAccurate': {'30': 1.0, '50': 1.0, '55': 1.0, '56': 1.0, '61': 1.0, '66': 1.0}, 'offsidesCaught': {'4': 1.0}}",362275.0,"{'value': 2, 'displayName': 'SecondHalf'}",78.0,,,,32
5,69344,14,Christian Eriksen,DMC,182,76,31,True,False,home,"{'possession': {'0': 4.0, '3': 1.0, '5': 1.0, '12': 2.0, '14': 2.0, '20': 2.0, '27': 2.0, '31': 1.0, '45': 1.0, '46': 2.0, '50': 3.0, '51': 2.0, '55': 1.0, '57': 3.0, '61': 1.0, '67': 1.0, '68': 3.0, '69': 2.0, '70': 2.0, '71': 1.0, '72': 4.0, '73': 1.0, '76': 1.0, '78': 1.0, '79': 1.0, '80': 2.0, '85': 1.0, '87': 1.0, '88': 1.0, '90': 1.0}, 'ratings': {'0': 5.99, '3': 5.99, '5': 5.99, '10': 5.96, '12': 5.97, '14': 5.98, '20': 5.95, '25': 5.81, '27': 5.81, '31': 5.8, '45': 5.8, '46': 5.76, '50': 5.75, '51': 5.74, '53': 5.59, '55': 5.6, '57': 5.59, '61': 5.59, '65': 5.69, '67': 5.69, '68': 5.69, '69': 5.69, '70': 5.7, '71': 5.69, '72': 5.68, '73': 5.98, '76': 5.93, '78': 6.0, '79': 5.99, '80': 5.98, '84': 5.83, '85': 5.83, '87': 5.84, '88': 5.83, '90': 5.84}, 'shotsTotal': {'89': 1.0}, 'shotsBlocked': {'89': 1.0}, 'interceptions': {'65': 1.0}, 'touches': {'0': 4.0, '3': 2.0, '5': 1.0, '10': 1.0, '12': 2.0, '14': 2.0, '20': 2.0, '27': 2.0, '31': 1.0, '45': 1.0, '46': 3.0, '50': 3.0, '51': 2.0, '55': 1.0, '57': 3.0, '61': 1.0, '65': 1.0, '67': 1.0, '68': 3.0, '69': 2.0, '70': 2.0, '71': 1.0, '72': 4.0, '73': 1.0, '76': 1.0, '78': 2.0, '79': 1.0, '80': 2.0, '85': 1.0, '87': 1.0, '88': 1.0, '89': 1.0, '90': 1.0}, 'passesTotal': {'0': 4.0, '5': 1.0, '12': 2.0, '14': 2.0, '27': 2.0, '45': 1.0, '46': 1.0, '50': 3.0, '51': 2.0, '55': 1.0, '57': 3.0, '61': 1.0, '67': 1.0, '68': 2.0, '69': 2.0, '70': 2.0, '72': 2.0, '73': 1.0, '80': 2.0, '85': 1.0, '87': 1.0, '90': 1.0, '3': 1.0, '20': 2.0, '31': 1.0, '76': 1.0, '78': 1.0, '79': 1.0}, 'passesAccurate': {'0': 3.0, '5': 1.0, '12': 2.0, '14': 2.0, '27': 2.0, '45': 1.0, '46': 1.0, '50': 1.0, '51': 1.0, '55': 1.0, '57': 2.0, '61': 1.0, '67': 1.0, '68': 2.0, '69': 2.0, '70': 2.0, '72': 2.0, '73': 1.0, '80': 1.0, '85': 1.0, '87': 1.0, '90': 1.0}, 'passesKey': {'73': 1.0}, 'passSuccess': {'0': 75.0, '5': 100.0, '12': 100.0, '14': 100.0, '27': 100.0, '45': 100.0, '46': 100.0, '50': 33.33, '51': 50.0, '55': 100.0, '57': 66.67, '61': 100.0, '67': 100.0, '68': 100.0, '69': 100.0, '70': 100.0, '72': 100.0, '73': 100.0, '80': 50.0, '85': 100.0, '87': 100.0, '90': 100.0, '3': 0.0, '20': 0.0, '31': 0.0, '76': 0.0, '78': 0.0, '79': 0.0}, 'cornersTotal': {'71': 1.0, '72': 1.0}, 'tacklesTotal': {'76': 1.0}, 'tackleUnsuccesful': {'76': 1.0}, 'dribbledPast': {'76': 1.0}, 'dispossessed': {'10': 1.0, '46': 1.0}}",364315.0,"{'value': 2, 'displayName': 'SecondHalf'}",90.0,,,,32
6,248144,4,Sofyan Amrabat,DMC,183,70,27,True,False,home,"{'possession': {'6': 1.0, '10': 1.0, '26': 2.0, '27': 5.0, '33': 1.0, '42': 2.0}, 'ratings': {'0': 6.0, '6': 5.99, '10': 6.0, '16': 5.98, '21': 5.96, '25': 5.81, '26': 5.82, '27': 5.83, '28': 5.79, '33': 5.79, '37': 5.84, '39': 5.92, '41': 6.08, '42': 6.08}, 'clearances': {'37': 1.0}, 'touches': {'6': 1.0, '10': 1.0, '20': 1.0, '26': 2.0, '27': 5.0, '29': 1.0, '33': 1.0, '35': 1.0, '37': 1.0, '39': 1.0, '41': 3.0, '42': 2.0}, 'passesTotal': {'10': 1.0, '26': 2.0, '27': 5.0, '42': 2.0, '6': 1.0, '33': 1.0}, 'passesAccurate': {'10': 1.0, '26': 2.0, '27': 5.0, '42': 2.0}, 'passSuccess': {'10': 100.0, '26': 100.0, '27': 100.0, '42': 100.0, '6': 0.0, '33': 0.0}, 'foulsCommited': {'16': 1.0, '21': 1.0}, 'tacklesTotal': {'41': 2.0, '28': 1.0}, 'tackleSuccessful': {'41': 2.0}, 'tackleUnsuccesful': {'28': 1.0}, 'tackleSuccess': {'41': 100.0, '28': 0.0}, 'dribbledPast': {'28': 1.0}}",343346.0,"{'value': 2, 'displayName': 'SecondHalf'}",50.0,,,,32
7,123761,8,Bruno Fernandes,AMR,179,69,29,True,False,home,"{'possession': {'0': 1.0, '5': 1.0, '6': 1.0, '12': 3.0, '14': 1.0, '27': 1.0, '45': 2.0, '46': 3.0, '47': 2.0, '53': 1.0, '55': 2.0, '56': 2.0, '64': 1.0, '68': 1.0, '69': 1.0, '71': 1.0, '72': 1.0, '73': 2.0, '79': 1.0, '85': 1.0, '87': 1.0, '89': 2.0, '92': 2.0, '93': 2.0}, 'ratings': {'0': 6.0, '3': 6.13, '5': 6.14, '6': 6.14, '12': 6.1, '14': 6.11, '25': 6.01, '27': 6.01, '30': 6.04, '39': 6.01, '40': 5.98, '44': 5.94, '45': 5.94, '46': 5.95, '47': 6.13, '50': 6.11, '52': 6.28, '53': 6.17, '55': 6.16, '56': 6.15, '63': 6.07, '64': 6.06, '68': 6.06, '69': 6.05, '71': 6.05, '72': 6.05, '73': 6.04, '79': 6.13, '84': 6.03, '85': 6.03, '87': 6.12, '88': 6.28, '89': 6.45, '92': 6.43, '93': 6.43, '95': 6.4, '97': 6.27}, 'shotsTotal': {'30': 1.0, '52': 1.0}, 'shotsOnTarget': {'52': 1.0}, 'shotsOffTarget': {'30': 1.0}, 'touches': {'0': 1.0, '3': 2.0, '5': 1.0, '6': 1.0, '8': 1.0, '12': 4.0, '14': 1.0, '27': 1.0, '30': 1.0, '31': 1.0, '45': 2.0, '46': 3.0, '47': 2.0, '52': 1.0, '53': 1.0, '55': 2.0, '56': 2.0, '63': 2.0, '64': 1.0, '68': 1.0, '69': 1.0, '71': 1.0, '72': 1.0, '73': 2.0, '79': 1.0, '85': 1.0, '87': 2.0, '88': 2.0, '89': 2.0, '92': 3.0, '93': 2.0}, 'passesTotal': {'0': 1.0, '5': 1.0, '6': 1.0, '12': 3.0, '14': 1.0, '27': 1.0, '45': 2.0, '46': 3.0, '47': 1.0, '55': 2.0, '56': 2.0, '68': 1.0, '72': 1.0, '73': 1.0, '79': 1.0, '85': 1.0, '87': 1.0, '89': 1.0, '92': 1.0, '93': 2.0, '53': 1.0, '64': 1.0, '71': 1.0}, 'passesAccurate': {'0': 1.0, '5': 1.0, '6': 1.0, '12': 2.0, '14': 1.0, '27': 1.0, '45': 1.0, '46': 3.0, '47': 1.0, '55': 2.0, '56': 1.0, '68': 1.0, '72': 1.0, '73': 1.0, '79': 1.0, '85': 1.0, '87': 1.0, '89': 1.0, '92': 1.0, '93': 2.0}, 'passesKey': {'47': 1.0, '89': 1.0}, 'passSuccess': {'0': 100.0, '5': 100.0, '6': 100.0, '12': 66.67, '14': 100.0, '27': 100.0, '45': 50.0, '46': 100.0, '47': 100.0, '55': 100.0, '56': 50.0, '68': 100.0, '72': 100.0, '73': 100.0, '79': 100.0, '85': 100.0, '87': 100.0, '89': 100.0, '92': 100.0, '93': 100.0, '53': 0.0, '64': 0.0, '71': 0.0}, 'aerialsTotal': {'79': 1.0, '39': 1.0}, 'aerialsWon': {'79': 1.0}, 'aerialSuccess': {'39': 0.0}, 'defensiveAerials': {'39': 1.0, '79': 1.0}, 'cornersAccurate': {'45': 1.0, '47': 1.0, '89': 1.0}, 'offsidesCaught': {'50': 1.0}, 'foulsCommited': {'39': 1.0, '55': 1.0, '63': 1.0}, 'tacklesTotal': {'3': 1.0, '88': 1.0, '87': 1.0, '40': 1.0, '44': 1.0, '95': 1.0, '97': 1.0}, 'tackleSuccessful': {'3': 1.0, '88': 1.0, '87': 1.0}, 'tackleUnsuccesful': {'40': 1.0, '44': 1.0, '95': 1.0, '97': 1.0}, 'tackleSuccess': {'3': 100.0, '88': 100.0, '87': 100.0, '40': 0.0, '44': 0.0, '95': 0.0, '97': 0.0}, 'dribbledPast': {'40': 1.0, '44': 1.0, '95': 1.0, '97': 1.0}, 'dispossessed': {'12': 1.0}}",,,,,,,32
8,336915,39,Scott McTominay,AMC,193,88,26,True,False,home,"{'possession': {'0': 3.0, '6': 2.0, '10': 1.0, '13': 1.0, '26': 1.0, '27': 1.0, '44': 1.0, '50': 1.0, '55': 4.0, '58': 1.0, '63': 1.0, '66': 3.0, '68': 2.0, '71': 1.0, '78': 1.0, '80': 1.0, '85': 1.0, '88': 1.0, '89': 1.0}, 'ratings': {'0': 6.01, '1': 6.34, '6': 6.34, '9': 6.43, '10': 6.4, '12': 6.37, '13': 6.37, '15': 6.42, '25': 6.32, '26': 6.32, '27': 6.33, '44': 6.34, '45': 6.51, '46': 6.61, '48': 6.69, '50': 6.69, '53': 6.59, '55': 6.59, '58': 6.57, '63': 6.58, '64': 6.71, '66': 6.71, '68': 6.73, '71': 6.73, '78': 6.71, '79': 6.76, '80': 6.77, '84': 6.67, '85': 6.68, '88': 6.68, '89': 6.69, '92': 6.77, '98': 6.85, '100': 6.94}, 'shotsTotal': {'1': 1.0, '45': 1.0}, 'shotsOnTarget': {'1': 1.0, '45': 1.0}, 'clearances': {'15': 1.0, '79': 1.0}, 'interceptions': {'92': 1.0}, 'touches': {'0': 3.0, '1': 2.0, '6': 2.0, '9': 1.0, '10': 1.0, '12': 1.0, '13': 1.0, '15': 1.0, '26': 1.0, '27': 1.0, '44': 1.0, '45': 1.0, '46': 2.0, '48': 1.0, '50': 1.0, '55': 4.0, '58': 1.0, '63': 1.0, '64': 1.0, '66': 3.0, '68': 2.0, '71': 1.0, '78': 1.0, '79': 1.0, '80': 1.0, '85': 1.0, '88': 1.0, '89': 1.0, '92': 1.0, '98': 1.0, '100': 1.0}, 'passesTotal': {'0': 3.0, '6': 2.0, '10': 1.0, '13': 1.0, '26': 1.0, '27': 1.0, '44': 1.0, '50': 1.0, '55': 4.0, '63': 1.0, '66': 3.0, '68': 2.0, '80': 1.0, '85': 1.0, '88': 1.0, '89': 1.0, '58': 1.0, '71': 1.0, '78': 1.0}, 'passesAccurate': {'0': 3.0, '6': 2.0, '10': 1.0, '13': 1.0, '26': 1.0, '27': 1.0, '44': 1.0, '50': 1.0, '55': 3.0, '63': 1.0, '66': 3.0, '68': 2.0, '80': 1.0, '85': 1.0, '88': 1.0, '89': 1.0}, 'passSuccess': {'0': 100.0, '6': 100.0, '10': 100.0, '13': 100.0, '26': 100.0, '27': 100.0, '44': 100.0, '50': 100.0, '55': 75.0, '63': 100.0, '66': 100.0, '68': 100.0, '80': 100.0, '85': 100.0, '88': 100.0, '89': 100.0, '58': 0.0, '71': 0.0, '78': 0.0}, 'cornersTotal': {'45': 1.0}, 'offsidesCaught': {'92': 1.0}, 'tacklesTotal': {'46': 1.0, '64': 1.0, '9': 1.0, '48': 1.0, '10': 1.0}, 'tackleSuccessful': {'46': 1.0, '64': 1.0, '9': 1.0, '48': 1.0}, 'tackleUnsuccesful': {'10': 1.0}, 'tackleSuccess': {'46': 100.0, '64': 100.0, '9': 100.0, '48': 100.0, '10': 0.0}, 'dribbledPast': {'10': 1.0}, 'dribblesWon': {'1': 1.0}, 'dribblesAttempted': {'1': 1.0}, 'dribbleSuccess': {'1': 100.0}}",,,,,,,32
9,300299,10,Marcus Rashford,AML,180,70,26,True,False,home,"{'possession': {'0': 1.0, '4': 1.0, '27': 1.0, '44': 1.0, '45': 3.0, '47': 1.0, '50': 1.0, '52': 1.0, '56': 1.0, '57': 1.0, '61': 2.0, '68': 1.0, '89': 2.0}, 'ratings': {'0': 6.0, '4': 6.0, '25': 5.9, '27': 5.9, '43': 6.03, '44': 6.05, '45': 6.13, '47': 6.13, '50': 6.13, '51': 6.28, '52': 6.36, '53': 6.26, '55': 6.25, '56': 6.25, '57': 6.25, '61': 6.25, '68': 6.24, '69': 6.22, '70': 6.21, '73': 6.11, '78': 6.09, '84': 5.99, '89': 5.97}, 'shotsTotal': {'73': 1.0}, 'shotsOffTarget': {'73': 1.0}, 'clearances': {'43': 1.0, '44': 1.0}, 'touches': {'0': 1.0, '4': 2.0, '27': 1.0, '43': 1.0, '44': 2.0, '45': 3.0, '47': 1.0, '50': 1.0, '51': 2.0, '52': 1.0, '55': 2.0, '56': 1.0, '57': 1.0, '61': 2.0, '68': 1.0, '70': 2.0, '73': 1.0, '89': 3.0}, 'passesTotal': {'0': 1.0, '27': 1.0, '44': 1.0, '45': 3.0, '50': 1.0, '52': 1.0, '56': 1.0, '57': 1.0, '61': 2.0, '89': 2.0, '4': 1.0, '68': 1.0}, 'passesAccurate': {'0': 1.0, '27': 1.0, '44': 1.0, '45': 2.0, '50': 1.0, '52': 1.0, '56': 1.0, '57': 1.0, '61': 1.0, '89': 1.0}, 'passesKey': {'45': 1.0, '52': 1.0}, 'passSuccess': {'0': 100.0, '27': 100.0, '44': 100.0, '45': 66.67, '50': 100.0, '52': 100.0, '56': 100.0, '57': 100.0, '61': 50.0, '89': 50.0, '4': 0.0, '68': 0.0}, 'aerialsTotal': {'43': 1.0, '69': 1.0, '78': 1.0}, 'aerialsWon': {'43': 1.0}, 'aerialSuccess': {'69': 0.0, '78': 0.0}, 'offensiveAerials': {'69': 1.0}, 'defensiveAerials': {'43': 1.0, '78': 1.0}, 'cornersTotal': {'47': 1.0, '51': 1.0, '89': 1.0}, 'cornersAccurate': {'52': 1.0}, 'throwInsTotal': {'70': 1.0}, 'throwInsAccurate': {'70': 1.0}, 'throwInAccuracy': {'47': 0.0, '51': 0.0, '89': 0.0}, 'tacklesTotal': {'44': 1.0}, 'tackleUnsuccesful': {'44': 1.0}, 'dribbledPast': {'44': 1.0}, 'dribblesWon': {'51': 1.0}, 'dribblesAttempted': {'51': 2.0, '55': 1.0, '70': 1.0, '89': 1.0}, 'dribblesLost': {'51': 1.0, '55': 1.0, '70': 1.0, '89': 1.0}, 'dribbleSuccess': {'51': 50.0, '55': 0.0, '70': 0.0, '89': 0.0}}",122366.0,"{'value': 2, 'displayName': 'SecondHalf'}",90.0,,,,32
10,439584,11,Rasmus Højlund,FW,191,79,20,True,False,home,"{'possession': {'0': 1.0, '1': 1.0, '4': 1.0, '6': 1.0, '8': 1.0, '10': 1.0, '12': 1.0, '17': 1.0, '26': 1.0, '30': 1.0, '45': 1.0, '56': 2.0, '61': 1.0, '68': 1.0, '70': 1.0}, 'ratings': {'0': 6.0, '1': 6.1, '4': 6.1, '5': 6.09, '6': 6.09, '8': 6.08, '10': 6.07, '12': 6.08, '13': 6.11, '14': 6.21, '17': 6.2, '21': 5.77, '25': 5.7, '26': 5.7, '30': 6.09, '38': 6.08, '45': 6.08, '49': 6.13, '53': 6.06, '56': 6.06, '61': 6.03, '68': 6.03, '70': 6.03}, 'clearances': {'49': 1.0}, 'touches': {'0': 1.0, '1': 1.0, '4': 1.0, '6': 1.0, '8': 1.0, '10': 1.0, '12': 1.0, '13': 1.0, '14': 2.0, '17': 1.0, '26': 1.0, '30': 4.0, '45': 1.0, '49': 1.0, '56': 2.0, '61': 2.0, '68': 1.0, '70': 1.0}, 'passesTotal': {'0': 1.0, '1': 1.0, '4': 1.0, '6': 1.0, '12': 1.0, '26': 1.0, '30': 1.0, '45': 1.0, '56': 2.0, '61': 1.0, '68': 1.0, '70': 1.0, '8': 1.0, '10': 1.0, '17': 1.0}, 'passesAccurate': {'0': 1.0, '1': 1.0, '4': 1.0, '6': 1.0, '12': 1.0, '26': 1.0, '30': 1.0, '45': 1.0, '56': 1.0, '61': 1.0, '68': 1.0, '70': 1.0}, 'passesKey': {'1': 1.0, '30': 1.0}, 'passSuccess': {'0': 100.0, '1': 100.0, '4': 100.0, '6': 100.0, '12': 100.0, '26': 100.0, '30': 100.0, '45': 100.0, '56': 50.0, '61': 100.0, '68': 100.0, '70': 100.0, '8': 0.0, '10': 0.0, '17': 0.0}, 'aerialsTotal': {'5': 1.0}, 'offensiveAerials': {'5': 1.0}, 'offsidesCaught': {'38': 1.0}, 'foulsCommited': {'21': 1.0}, 'tacklesTotal': {'14': 1.0}, 'tackleSuccessful': {'14': 1.0}, 'tackleSuccess': {'14': 100.0}, 'dribblesWon': {'30': 2.0}, 'dribblesAttempted': {'30': 2.0}, 'dribbleSuccess': {'30': 100.0}, 'dispossessed': {'30': 1.0, '61': 1.0}}",437022.0,"{'value': 2, 'displayName': 'SecondHalf'}",77.0,,,,32
11,437022,17,Alejandro Garnacho,Sub,180,80,19,,False,home,"{'possession': {'79': 1.0, '80': 1.0, '87': 1.0, '88': 1.0, '93': 1.0}, 'ratings': {'77': 6.0, '79': 6.01, '80': 5.98, '84': 5.88, '87': 5.8, '88': 5.8, '92': 5.77, '93': 5.77, '94': 5.76, '95': 5.72}, 'touches': {'79': 1.0, '80': 2.0, '87': 3.0, '88': 1.0, '92': 1.0, '93': 1.0, '94': 1.0}, 'passesTotal': {'79': 1.0, '80': 1.0, '88': 1.0, '93': 1.0, '87': 1.0}, 'passesAccurate': {'79': 1.0, '80': 1.0, '88': 1.0, '93': 1.0}, 'passSuccess': {'79': 100.0, '80': 100.0, '88': 100.0, '93': 100.0, '87': 0.0}, 'aerialsTotal': {'94': 1.0}, 'offensiveAerials': {'94': 1.0}, 'cornersTotal': {'92': 1.0}, 'tacklesTotal': {'95': 1.0}, 'tackleUnsuccesful': {'95': 1.0}, 'dribbledPast': {'95': 1.0}, 'dispossessed': {'87': 2.0, '92': 1.0}}",,,,"{'value': 2, 'displayName': 'SecondHalf'}",77.0,439584.0,32
12,364315,21,Antony,Sub,174,63,23,,False,home,"{'ratings': {'90': 6.0, '95': 5.97, '96': 5.82}, 'touches': {'95': 1.0}, 'foulsCommited': {'96': 1.0}, 'tacklesTotal': {'96': 1.0}, 'tackleUnsuccesful': {'96': 1.0}, 'dribbledPast': {'96': 1.0}}",,,,"{'value': 2, 'displayName': 'SecondHalf'}",90.0,69344.0,32
13,122366,9,Anthony Martial,Sub,181,76,27,,False,home,{'ratings': {'90': 6.0}},,,,"{'value': 2, 'displayName': 'SecondHalf'}",90.0,300299.0,32
14,362275,15,Sergio Reguilón,Sub,178,68,26,,False,home,"{'possession': {'80': 2.0, '88': 1.0, '89': 1.0, '94': 1.0}, 'ratings': {'78': 6.0, '79': 5.98, '80': 5.99, '84': 5.89, '87': 5.85, '88': 5.86, '89': 5.86, '94': 5.85}, 'touches': {'78': 2.0, '79': 1.0, '80': 2.0, '82': 1.0, '87': 2.0, '88': 1.0, '89': 2.0, '90': 1.0, '92': 1.0, '94': 1.0}, 'passesTotal': {'80': 2.0, '88': 1.0, '89': 1.0, '94': 1.0}, 'passesAccurate': {'80': 2.0, '88': 1.0, '89': 1.0}, 'passSuccess': {'80': 100.0, '88': 100.0, '89': 100.0, '94': 0.0}, 'aerialsTotal': {'79': 1.0}, 'defensiveAerials': {'79': 1.0}, 'throwInsTotal': {'78': 2.0, '79': 1.0, '87': 2.0}, 'throwInsAccurate': {'78': 1.0, '79': 1.0, '87': 2.0}, 'tacklesTotal': {'87': 1.0}, 'tackleUnsuccesful': {'87': 1.0}, 'dribbledPast': {'87': 1.0}}",,,,"{'value': 2, 'displayName': 'SecondHalf'}",78.0,100008.0,32
15,343346,7,Mason Mount,Sub,181,76,24,,False,home,"{'possession': {'51': 1.0, '57': 2.0, '58': 2.0, '61': 1.0, '63': 1.0, '70': 1.0, '89': 1.0}, 'ratings': {'50': 5.95, '51': 5.99, '53': 5.89, '57': 5.9, '58': 5.95, '61': 5.94, '63': 5.94, '70': 5.94, '81': 6.04, '84': 5.94, '89': 6.02, '90': 5.99, '92': 5.97, '97': 6.1, '98': 6.15}, 'clearances': {'98': 1.0}, 'interceptions': {'81': 1.0}, 'touches': {'50': 1.0, '51': 2.0, '57': 2.0, '58': 2.0, '61': 1.0, '63': 1.0, '70': 1.0, '81': 1.0, '89': 1.0, '90': 1.0, '97': 1.0, '98': 1.0}, 'passesTotal': {'51': 1.0, '57': 2.0, '63': 1.0, '70': 1.0, '58': 2.0, '61': 1.0, '89': 1.0}, 'passesAccurate': {'51': 1.0, '57': 2.0, '63': 1.0, '70': 1.0}, 'passSuccess': {'51': 100.0, '57': 100.0, '63': 100.0, '70': 100.0, '58': 0.0, '61': 0.0, '89': 0.0}, 'aerialsTotal': {'58': 1.0, '89': 1.0, '50': 1.0, '92': 1.0}, 'aerialsWon': {'58': 1.0, '89': 1.0}, 'aerialSuccess': {'50': 0.0, '92': 0.0}, 'offensiveAerials': {'89': 1.0, '92': 1.0}, 'defensiveAerials': {'50': 1.0, '58': 1.0}, 'tacklesTotal': {'97': 1.0}, 'tackleSuccessful': {'97': 1.0}, 'tackleSuccess': {'97': 100.0}}",,,,"{'value': 2, 'displayName': 'SecondHalf'}",50.0,248144.0,32
16,93206,19,Raphaël Varane,Sub,191,81,30,,False,home,{},,,,,,,32
17,416207,46,Hannibal Mejbri,Sub,177,74,20,,False,home,{},,,,,,,32
18,361707,1,Altay Bayindir,Sub,198,88,25,,False,home,{},,,,,,,32
19,460260,37,Kobbie Mainoo,Sub,175,0,18,,False,home,{},,,,,,,32
0,121774,31,Ederson,GK,188,86,30,True,False,away,"{'totalSaves': {'1': 1.0, '45': 1.0, '52': 1.0}, 'collected': {'1': 1.0}, 'parriedSafe': {'45': 1.0, '52': 1.0}, 'possession': {'1': 2.0, '3': 1.0, '4': 1.0, '5': 1.0, '15': 1.0, '28': 1.0, '29': 1.0, '31': 2.0, '32': 1.0, '33': 1.0, '46': 1.0, '48': 1.0, '50': 1.0, '51': 1.0, '52': 1.0, '53': 1.0, '56': 3.0, '60': 2.0, '61': 1.0, '62': 1.0, '63': 1.0, '65': 1.0, '67': 1.0, '68': 1.0, '70': 1.0, '71': 1.0, '74': 2.0, '78': 1.0, '81': 1.0, '85': 2.0, '87': 1.0, '88': 1.0, '93': 1.0, '94': 2.0}, 'ratings': {'0': 6.0, '1': 6.21, '3': 6.22, '4': 6.23, '5': 6.22, '15': 6.23, '25': 6.28, '28': 6.28, '29': 6.27, '30': 6.24, '31': 6.24, '32': 6.24, '33': 6.25, '45': 6.62, '46': 6.61, '48': 6.6, '50': 6.61, '51': 6.61, '52': 6.89, '53': 6.95, '56': 6.92, '60': 6.92, '61': 6.93, '62': 6.94, '63': 6.92, '65': 6.92, '67': 6.92, '68': 6.93, '70': 6.92, '71': 6.92, '74': 6.93, '78': 6.93, '81': 6.94, '84': 6.99, '85': 7.0, '87': 7.0, '88': 7.01, '93': 7.02, '94': 7.03, '100': 7.36}, 'touches': {'1': 3.0, '3': 1.0, '4': 1.0, '5': 1.0, '15': 1.0, '28': 1.0, '29': 1.0, '31': 2.0, '32': 1.0, '33': 1.0, '45': 1.0, '46': 1.0, '48': 1.0, '50': 1.0, '51': 1.0, '52': 2.0, '53': 1.0, '56': 3.0, '60': 2.0, '61': 1.0, '62': 1.0, '63': 1.0, '65': 1.0, '67': 1.0, '68': 1.0, '70': 1.0, '71': 1.0, '74': 2.0, '78': 1.0, '81': 1.0, '85': 2.0, '87': 1.0, '88': 1.0, '93': 1.0, '94': 2.0}, 'passesTotal': {'1': 1.0, '3': 1.0, '4': 1.0, '15': 1.0, '28': 1.0, '31': 2.0, '32': 1.0, '33': 1.0, '50': 1.0, '51': 1.0, '53': 1.0, '56': 3.0, '60': 2.0, '61': 1.0, '62': 1.0, '65': 1.0, '67': 1.0, '68': 1.0, '71': 1.0, '74': 2.0, '78': 1.0, '81': 1.0, '85': 2.0, '87': 1.0, '93': 1.0, '94': 2.0, '5': 1.0, '29': 1.0, '46': 1.0, '48': 1.0, '63': 1.0, '70': 1.0}, 'passesAccurate': {'1': 1.0, '3': 1.0, '4': 1.0, '15': 1.0, '28': 1.0, '31': 2.0, '32': 1.0, '33': 1.0, '50': 1.0, '51': 1.0, '53': 1.0, '56': 1.0, '60': 2.0, '61': 1.0, '62': 1.0, '65': 1.0, '67': 1.0, '68': 1.0, '71': 1.0, '74': 2.0, '78': 1.0, '81': 1.0, '85': 2.0, '87': 1.0, '93': 1.0, '94': 2.0}, 'passSuccess': {'1': 100.0, '3': 100.0, '4': 100.0, '15': 100.0, '28': 100.0, '31': 100.0, '32': 100.0, '33': 100.0, '50': 100.0, '51': 100.0, '53': 100.0, '56': 33.33, '60': 100.0, '61': 100.0, '62': 100.0, '65': 100.0, '67': 100.0, '68': 100.0, '71': 100.0, '74': 100.0, '78': 100.0, '81': 100.0, '85': 100.0, '87': 100.0, '93': 100.0, '94': 100.0, '5': 0.0, '29': 0.0, '46': 0.0, '48': 0.0, '63': 0.0, '70': 0.0}, 'tacklesTotal': {'30': 1.0}, 'tackleUnsuccesful': {'30': 1.0}, 'dribbledPast': {'30': 1.0}}",,,,,,,167
1,69778,2,Kyle Walker,DR,178,80,33,True,False,away,"{'possession': {'1': 1.0, '2': 1.0, '3': 3.0, '4': 1.0, '6': 1.0, '7': 1.0, '9': 3.0, '10': 2.0, '11': 1.0, '15': 1.0, '17': 2.0, '20': 2.0, '28': 2.0, '30': 1.0, '31': 2.0, '32': 1.0, '33': 1.0, '34': 2.0, '38': 2.0, '39': 2.0, '40': 2.0, '41': 1.0, '44': 2.0, '50': 1.0, '51': 1.0, '52': 2.0, '53': 1.0, '58': 3.0, '59': 2.0, '60': 1.0, '61': 1.0, '64': 1.0, '65': 2.0, '66': 1.0, '67': 1.0, '68': 1.0, '69': 2.0, '71': 1.0, '74': 1.0, '75': 2.0, '76': 1.0, '77': 1.0, '78': 2.0, '81': 1.0, '82': 4.0, '83': 2.0, '86': 1.0, '92': 1.0, '94': 1.0, '95': 1.0, '97': 1.0}, 'ratings': {'0': 6.0, '1': 6.0, '2': 6.0, '3': 6.02, '4': 6.03, '6': 6.04, '7': 6.22, '9': 6.23, '10': 6.23, '11': 6.24, '15': 6.25, '17': 6.25, '20': 6.26, '25': 6.34, '28': 6.52, '30': 6.53, '31': 6.53, '32': 6.54, '33': 6.54, '34': 6.54, '38': 6.57, '39': 6.59, '40': 6.59, '41': 6.6, '44': 6.59, '50': 6.59, '51': 6.57, '52': 6.57, '53': 6.66, '58': 6.67, '59': 6.68, '60': 6.69, '61': 6.83, '64': 6.83, '65': 6.84, '66': 6.84, '67': 6.93, '68': 6.93, '69': 7.07, '70': 7.21, '71': 7.21, '74': 7.21, '75': 7.21, '76': 7.22, '77': 7.22, '78': 7.41, '81': 7.42, '82': 7.43, '83': 7.44, '84': 7.52, '86': 7.52, '89': 7.61, '92': 7.74, '94': 7.74, '95': 7.75, '97': 7.75, '100': 7.98}, 'clearances': {'69': 1.0}, 'interceptions': {'78': 1.0}, 'touches': {'1': 1.0, '2': 1.0, '3': 3.0, '4': 1.0, '6': 1.0, '7': 1.0, '9': 3.0, '10': 2.0, '11': 1.0, '15': 1.0, '17': 2.0, '20': 2.0, '28': 3.0, '30': 1.0, '31': 2.0, '32': 1.0, '33': 1.0, '34': 2.0, '38': 2.0, '39': 2.0, '40': 2.0, '41': 1.0, '42': 1.0, '44': 2.0, '50': 1.0, '51': 1.0, '52': 2.0, '53': 1.0, '58': 3.0, '59': 2.0, '60': 2.0, '61': 3.0, '64': 1.0, '65': 2.0, '66': 1.0, '67': 1.0, '68': 1.0, '69': 4.0, '70': 1.0, '71': 1.0, '74': 1.0, '75': 2.0, '76': 1.0, '77': 1.0, '78': 3.0, '81': 1.0, '82': 4.0, '83': 2.0, '86': 1.0, '89': 1.0, '92': 2.0, '94': 3.0, '95': 1.0, '97': 1.0}, 'passesTotal': {'1': 1.0, '2': 1.0, '3': 3.0, '6': 1.0, '7': 1.0, '9': 3.0, '10': 2.0, '11': 1.0, '15': 1.0, '17': 2.0, '20': 2.0, '28': 2.0, '30': 1.0, '31': 2.0, '32': 1.0, '33': 1.0, '34': 2.0, '38': 2.0, '39': 2.0, '40': 2.0, '41': 1.0, '44': 2.0, '52': 2.0, '53': 1.0, '58': 3.0, '59': 2.0, '60': 1.0, '61': 1.0, '64': 1.0, '65': 2.0, '66': 1.0, '67': 1.0, '68': 1.0, '69': 2.0, '71': 1.0, '74': 1.0, '75': 2.0, '76': 1.0, '77': 1.0, '78': 2.0, '81': 1.0, '82': 4.0, '83': 2.0, '86': 1.0, '92': 1.0, '94': 1.0, '95': 1.0, '97': 1.0, '4': 1.0, '50': 1.0, '51': 1.0}, 'passesAccurate': {'1': 1.0, '2': 1.0, '3': 3.0, '6': 1.0, '7': 1.0, '9': 3.0, '10': 2.0, '11': 1.0, '15': 1.0, '17': 2.0, '20': 2.0, '28': 2.0, '30': 1.0, '31': 2.0, '32': 1.0, '33': 1.0, '34': 2.0, '38': 2.0, '39': 2.0, '40': 2.0, '41': 1.0, '44': 1.0, '52': 2.0, '53': 1.0, '58': 3.0, '59': 2.0, '60': 1.0, '61': 1.0, '64': 1.0, '65': 2.0, '66': 1.0, '67': 1.0, '68': 1.0, '69': 2.0, '71': 1.0, '74': 1.0, '75': 2.0, '76': 1.0, '77': 1.0, '78': 1.0, '81': 1.0, '82': 4.0, '83': 2.0, '86': 1.0, '92': 1.0, '94': 1.0, '95': 1.0, '97': 1.0}, 'passesKey': {'7': 1.0, '67': 1.0}, 'passSuccess': {'1': 100.0, '2': 100.0, '3': 100.0, '6': 100.0, '7': 100.0, '9': 100.0, '10': 100.0, '11': 100.0, '15': 100.0, '17': 100.0, '20': 100.0, '28': 100.0, '30': 100.0, '31': 100.0, '32': 100.0, '33': 100.0, '34': 100.0, '38': 100.0, '39': 100.0, '40': 100.0, '41': 100.0, '44': 50.0, '52': 100.0, '53': 100.0, '58': 100.0, '59': 100.0, '60': 100.0, '61': 100.0, '64': 100.0, '65': 100.0, '66': 100.0, '67': 100.0, '68': 100.0, '69': 100.0, '71': 100.0, '74': 100.0, '75': 100.0, '76': 100.0, '77': 100.0, '78': 50.0, '81': 100.0, '82': 100.0, '83': 100.0, '86': 100.0, '92': 100.0, '94': 100.0, '95': 100.0, '97': 100.0, '4': 0.0, '50': 0.0, '51': 0.0}, 'aerialsTotal': {'69': 1.0, '78': 1.0}, 'aerialsWon': {'69': 1.0, '78': 1.0}, 'offensiveAerials': {'78': 1.0}, 'defensiveAerials': {'69': 1.0}, 'cornersTotal': {'42': 1.0, '44': 1.0}, 'throwInsTotal': {'42': 1.0, '60': 1.0, '94': 2.0}, 'throwInsAccurate': {'60': 1.0, '94': 2.0}, 'foulsCommited': {'51': 1.0}, 'tacklesTotal': {'61': 1.0, '70': 1.0, '92': 1.0}, 'tackleSuccessful': {'61': 1.0, '70': 1.0, '92': 1.0}, 'tackleSuccess': {'61': 100.0, '70': 100.0, '92': 100.0}, 'dribblesWon': {'28': 1.0}, 'dribblesAttempted': {'28': 1.0}, 'dribbleSuccess': {'28': 100.0}}",,,,,,,167
2,313171,3,Rúben Dias,DC,186,76,26,True,False,away,"{'possession': {'1': 2.0, '2': 4.0, '3': 3.0, '4': 4.0, '5': 1.0, '8': 1.0, '9': 4.0, '10': 1.0, '11': 1.0, '17': 2.0, '18': 2.0, '28': 3.0, '29': 1.0, '31': 1.0, '32': 2.0, '34': 3.0, '35': 1.0, '36': 1.0, '38': 2.0, '51': 1.0, '55': 1.0, '56': 2.0, '59': 1.0, '60': 2.0, '62': 2.0, '64': 1.0, '65': 3.0, '67': 2.0, '68': 1.0, '69': 2.0, '71': 1.0, '74': 2.0, '75': 1.0, '76': 2.0, '77': 1.0, '81': 4.0, '82': 2.0, '83': 3.0, '85': 2.0, '94': 3.0, '95': 1.0, '96': 1.0}, 'ratings': {'0': 6.0, '1': 6.01, '2': 6.02, '3': 6.03, '4': 6.23, '5': 6.3, '8': 6.28, '9': 6.29, '10': 6.29, '11': 6.29, '13': 6.28, '17': 6.28, '18': 6.29, '25': 6.35, '28': 6.36, '29': 6.36, '31': 6.36, '32': 6.37, '34': 6.37, '35': 6.37, '36': 6.38, '38': 6.37, '47': 6.41, '51': 6.41, '53': 6.47, '55': 6.46, '56': 6.46, '59': 6.46, '60': 6.47, '62': 6.47, '64': 6.47, '65': 6.47, '67': 6.47, '68': 6.48, '69': 6.48, '71': 6.49, '73': 6.54, '74': 6.54, '75': 6.54, '76': 6.55, '77': 6.56, '78': 6.66, '79': 6.76, '81': 6.77, '82': 6.77, '83': 6.78, '84': 6.84, '85': 6.86, '87': 6.9, '94': 6.98, '95': 6.98, '96': 6.98, '100': 7.25}, 'clearances': {'47': 1.0, '73': 1.0, '87': 1.0}, 'interceptions': {'4': 1.0, '78': 1.0, '79': 1.0}, 'touches': {'1': 2.0, '2': 4.0, '3': 3.0, '4': 5.0, '5': 1.0, '8': 1.0, '9': 4.0, '10': 1.0, '11': 1.0, '17': 2.0, '18': 2.0, '28': 3.0, '29': 1.0, '31': 1.0, '32': 2.0, '34': 3.0, '35': 1.0, '36': 1.0, '38': 2.0, '47': 1.0, '51': 1.0, '55': 1.0, '56': 2.0, '59': 1.0, '60': 2.0, '61': 1.0, '62': 2.0, '64': 1.0, '65': 3.0, '67': 2.0, '68': 1.0, '69': 2.0, '71': 1.0, '73': 1.0, '74': 2.0, '75': 1.0, '76': 2.0, '77': 1.0, '78': 1.0, '79': 1.0, '81': 4.0, '82': 2.0, '83': 3.0, '85': 2.0, '87': 1.0, '94': 3.0, '95': 1.0, '96': 1.0}, 'passesTotal': {'1': 2.0, '2': 4.0, '3': 3.0, '4': 4.0, '8': 1.0, '9': 4.0, '10': 1.0, '11': 1.0, '17': 2.0, '18': 2.0, '28': 3.0, '29': 1.0, '31': 1.0, '32': 2.0, '34': 3.0, '35': 1.0, '36': 1.0, '38': 2.0, '51': 1.0, '56': 2.0, '59': 1.0, '60': 2.0, '62': 2.0, '64': 1.0, '65': 3.0, '67': 2.0, '68': 1.0, '69': 2.0, '71': 1.0, '74': 2.0, '75': 1.0, '76': 2.0, '77': 1.0, '81': 4.0, '82': 2.0, '83': 3.0, '85': 2.0, '94': 3.0, '95': 1.0, '96': 1.0, '5': 1.0, '55': 1.0}, 'passesAccurate': {'1': 2.0, '2': 4.0, '3': 3.0, '4': 3.0, '8': 1.0, '9': 4.0, '10': 1.0, '11': 1.0, '17': 2.0, '18': 2.0, '28': 3.0, '29': 1.0, '31': 1.0, '32': 2.0, '34': 3.0, '35': 1.0, '36': 1.0, '38': 1.0, '51': 1.0, '56': 2.0, '59': 1.0, '60': 2.0, '62': 2.0, '64': 1.0, '65': 2.0, '67': 2.0, '68': 1.0, '69': 2.0, '71': 1.0, '74': 2.0, '75': 1.0, '76': 2.0, '77': 1.0, '81': 4.0, '82': 2.0, '83': 3.0, '85': 2.0, '94': 2.0, '95': 1.0, '96': 1.0}, 'passSuccess': {'1': 100.0, '2': 100.0, '3': 100.0, '4': 75.0, '8': 100.0, '9': 100.0, '10': 100.0, '11': 100.0, '17': 100.0, '18': 100.0, '28': 100.0, '29': 100.0, '31': 100.0, '32': 100.0, '34': 100.0, '35': 100.0, '36': 100.0, '38': 50.0, '51': 100.0, '56': 100.0, '59': 100.0, '60': 100.0, '62': 100.0, '64': 100.0, '65': 66.67, '67': 100.0, '68': 100.0, '69': 100.0, '71': 100.0, '74': 100.0, '75': 100.0, '76': 100.0, '77': 100.0, '81': 100.0, '82': 100.0, '83': 100.0, '85': 100.0, '94': 66.67, '95': 100.0, '96': 100.0, '5': 0.0, '55': 0.0}, 'aerialsTotal': {'5': 1.0, '94': 1.0, '47': 1.0}, 'aerialsWon': {'5': 1.0, '94': 1.0}, 'aerialSuccess': {'47': 0.0}, 'defensiveAerials': {'5': 1.0, '47': 1.0, '94': 1.0}, 'foulsCommited': {'8': 1.0, '13': 1.0}}",,,,,,,167
3,101374,5,John Stones,DC,188,80,29,True,False,away,"{'possession': {'2': 1.0, '3': 1.0, '4': 1.0, '7': 1.0, '9': 1.0, '11': 2.0, '15': 2.0, '19': 1.0, '31': 1.0, '32': 2.0, '33': 2.0, '34': 1.0, '35': 2.0, '38': 1.0, '40': 1.0, '41': 1.0, '47': 1.0, '52': 2.0, '56': 1.0, '58': 1.0, '62': 2.0, '64': 1.0, '65': 1.0, '67': 1.0, '68': 1.0, '70': 2.0, '71': 1.0, '74': 1.0, '75': 2.0, '76': 1.0, '77': 1.0, '78': 1.0, '81': 2.0, '82': 1.0, '86': 1.0, '87': 1.0, '92': 1.0, '94': 1.0, '95': 2.0, '96': 1.0}, 'ratings': {'0': 6.0, '2': 6.0, '3': 6.0, '4': 6.01, '7': 6.01, '9': 6.01, '11': 6.02, '15': 6.03, '19': 6.12, '20': 6.22, '25': 6.28, '30': 6.37, '31': 6.37, '32': 6.37, '33': 6.38, '34': 6.38, '35': 6.38, '38': 6.38, '40': 6.38, '41': 6.38, '47': 6.4, '48': 6.36, '50': 6.38, '52': 6.39, '53': 6.45, '56': 6.45, '58': 6.47, '60': 6.55, '62': 6.56, '64': 6.56, '65': 6.56, '67': 6.56, '68': 6.61, '70': 6.7, '71': 6.7, '72': 6.75, '74': 6.76, '75': 6.76, '76': 6.76, '77': 6.77, '78': 6.77, '81': 6.78, '82': 6.78, '84': 6.85, '86': 6.85, '87': 6.86, '88': 6.81, '92': 6.8, '94': 6.8, '95': 6.81, '96': 6.81, '100': 7.08}, 'clearances': {'68': 1.0, '72': 1.0}, 'interceptions': {'20': 1.0}, 'touches': {'2': 1.0, '3': 1.0, '4': 1.0, '7': 1.0, '9': 1.0, '11': 2.0, '15': 2.0, '19': 1.0, '20': 1.0, '30': 1.0, '31': 1.0, '32': 2.0, '33': 2.0, '34': 1.0, '35': 2.0, '38': 1.0, '40': 1.0, '41': 1.0, '47': 1.0, '48': 1.0, '52': 2.0, '56': 1.0, '58': 1.0, '60': 1.0, '62': 2.0, '64': 1.0, '65': 1.0, '67': 1.0, '68': 2.0, '70': 2.0, '71': 2.0, '72': 1.0, '74': 1.0, '75': 2.0, '76': 1.0, '77': 1.0, '78': 1.0, '81': 2.0, '82': 1.0, '86': 1.0, '87': 1.0, '88': 1.0, '92': 1.0, '94': 1.0, '95': 2.0, '96': 1.0}, 'passesTotal': {'2': 1.0, '3': 1.0, '4': 1.0, '7': 1.0, '9': 1.0, '11': 2.0, '15': 2.0, '19': 1.0, '31': 1.0, '32': 2.0, '33': 2.0, '34': 1.0, '35': 2.0, '38': 1.0, '40': 1.0, '41': 1.0, '47': 1.0, '52': 2.0, '56': 1.0, '58': 1.0, '62': 2.0, '64': 1.0, '65': 1.0, '67': 1.0, '68': 1.0, '70': 2.0, '71': 1.0, '74': 1.0, '75': 2.0, '76': 1.0, '77': 1.0, '78': 1.0, '81': 2.0, '82': 1.0, '86': 1.0, '87': 1.0, '94': 1.0, '95': 2.0, '96': 1.0, '92': 1.0}, 'passesAccurate': {'2': 1.0, '3': 1.0, '4': 1.0, '7': 1.0, '9': 1.0, '11': 2.0, '15': 2.0, '19': 1.0, '31': 1.0, '32': 2.0, '33': 1.0, '34': 1.0, '35': 1.0, '38': 1.0, '40': 1.0, '41': 1.0, '47': 1.0, '52': 2.0, '56': 1.0, '58': 1.0, '62': 2.0, '64': 1.0, '65': 1.0, '67': 1.0, '68': 1.0, '70': 2.0, '71': 1.0, '74': 1.0, '75': 2.0, '76': 1.0, '77': 1.0, '78': 1.0, '81': 2.0, '82': 1.0, '86': 1.0, '87': 1.0, '94': 1.0, '95': 2.0, '96': 1.0}, 'passesKey': {'19': 1.0, '60': 1.0, '70': 1.0}, 'passSuccess': {'2': 100.0, '3': 100.0, '4': 100.0, '7': 100.0, '9': 100.0, '11': 100.0, '15': 100.0, '19': 100.0, '31': 100.0, '32': 100.0, '33': 50.0, '34': 100.0, '35': 50.0, '38': 100.0, '40': 100.0, '41': 100.0, '47': 100.0, '52': 100.0, '56': 100.0, '58': 100.0, '62': 100.0, '64': 100.0, '65': 100.0, '67': 100.0, '68': 100.0, '70': 100.0, '71': 100.0, '74': 100.0, '75': 100.0, '76': 100.0, '77': 100.0, '78': 100.0, '81': 100.0, '82': 100.0, '86': 100.0, '87': 100.0, '94': 100.0, '95': 100.0, '96': 100.0, '92': 0.0}, 'foulsCommited': {'88': 1.0}, 'tacklesTotal': {'30': 1.0}, 'tackleSuccessful': {'30': 1.0}, 'tackleSuccess': {'30': 100.0}, 'dispossessed': {'48': 1.0, '88': 1.0}}",,,,,,,167
4,402664,24,Josko Gvardiol,DL,185,80,21,True,False,away,"{'possession': {'2': 3.0, '3': 1.0, '7': 2.0, '8': 1.0, '9': 1.0, '10': 2.0, '11': 2.0, '17': 2.0, '18': 4.0, '28': 2.0, '29': 1.0, '31': 1.0, '32': 1.0, '33': 3.0, '34': 2.0, '35': 1.0, '36': 1.0, '40': 1.0, '41': 1.0, '48': 1.0, '51': 1.0, '52': 1.0, '53': 1.0, '58': 1.0, '59': 2.0, '62': 1.0, '63': 1.0, '64': 1.0, '65': 1.0, '66': 1.0, '68': 1.0, '69': 1.0, '70': 1.0, '74': 2.0, '75': 1.0, '77': 1.0, '78': 1.0, '80': 1.0, '81': 1.0, '82': 3.0, '83': 2.0, '85': 2.0, '89': 1.0, '94': 1.0, '95': 1.0, '96': 1.0, '97': 1.0}, 'ratings': {'0': 6.07, '1': 5.67, '2': 5.67, '3': 5.67, '7': 5.67, '8': 5.77, '9': 5.77, '10': 5.76, '11': 5.77, '14': 5.76, '17': 5.76, '18': 5.76, '25': 5.85, '28': 5.85, '29': 5.85, '30': 5.82, '31': 5.82, '32': 5.84, '33': 5.83, '34': 5.84, '35': 5.84, '36': 5.84, '40': 6.01, '41': 6.02, '43': 6.0, '45': 6.05, '48': 6.05, '51': 6.06, '52': 6.06, '53': 6.15, '58': 6.14, '59': 6.15, '62': 6.15, '63': 6.16, '64': 6.16, '65': 6.16, '66': 6.27, '68': 6.26, '69': 6.26, '70': 6.27, '71': 6.32, '74': 6.32, '75': 6.32, '77': 6.31, '78': 6.4, '80': 6.41, '81': 6.41, '82': 6.42, '83': 6.51, '84': 6.59, '85': 6.6, '89': 6.61, '92': 6.63, '94': 6.63, '95': 6.64, '96': 6.64, '97': 6.64, '100': 6.88}, 'clearances': {'45': 1.0}, 'interceptions': {'0': 1.0, '8': 1.0, '66': 1.0}, 'touches': {'0': 2.0, '1': 1.0, '2': 3.0, '3': 2.0, '7': 2.0, '8': 2.0, '9': 2.0, '10': 3.0, '11': 2.0, '14': 1.0, '15': 1.0, '17': 2.0, '18': 4.0, '28': 2.0, '29': 1.0, '31': 1.0, '32': 1.0, '33': 3.0, '34': 2.0, '35': 1.0, '36': 1.0, '40': 2.0, '41': 1.0, '43': 1.0, '45': 1.0, '48': 1.0, '51': 1.0, '52': 1.0, '53': 1.0, '58': 1.0, '59': 2.0, '62': 1.0, '63': 1.0, '64': 1.0, '65': 1.0, '66': 2.0, '68': 1.0, '69': 1.0, '70': 1.0, '71': 2.0, '74': 2.0, '75': 1.0, '77': 1.0, '78': 1.0, '80': 1.0, '81': 2.0, '82': 3.0, '83': 2.0, '85': 2.0, '89': 1.0, '91': 1.0, '94': 1.0, '95': 1.0, '96': 1.0, '97': 1.0}, 'passesTotal': {'2': 3.0, '7': 2.0, '9': 1.0, '10': 2.0, '11': 2.0, '17': 2.0, '18': 4.0, '28': 2.0, '29': 1.0, '31': 1.0, '32': 1.0, '33': 2.0, '34': 2.0, '35': 1.0, '36': 1.0, '40': 1.0, '41': 1.0, '48': 1.0, '51': 1.0, '52': 1.0, '53': 1.0, '59': 2.0, '62': 1.0, '63': 1.0, '64': 1.0, '65': 1.0, '66': 1.0, '69': 1.0, '70': 1.0, '74': 2.0, '75': 1.0, '78': 1.0, '80': 1.0, '81': 1.0, '82': 3.0, '83': 2.0, '85': 2.0, '89': 1.0, '94': 1.0, '95': 1.0, '96': 1.0, '97': 1.0, '3': 1.0, '8': 1.0, '68': 1.0, '77': 1.0}, 'passesAccurate': {'2': 3.0, '7': 2.0, '9': 1.0, '10': 1.0, '11': 2.0, '17': 2.0, '18': 3.0, '28': 2.0, '29': 1.0, '31': 1.0, '32': 1.0, '33': 2.0, '34': 2.0, '35': 1.0, '36': 1.0, '40': 1.0, '41': 1.0, '48': 1.0, '51': 1.0, '52': 1.0, '53': 1.0, '59': 2.0, '62': 1.0, '63': 1.0, '64': 1.0, '65': 1.0, '66': 1.0, '69': 1.0, '70': 1.0, '74': 2.0, '75': 1.0, '78': 1.0, '80': 1.0, '81': 1.0, '82': 3.0, '83': 2.0, '85': 2.0, '89': 1.0, '94': 1.0, '95': 1.0, '96': 1.0, '97': 1.0}, 'passesKey': {'78': 1.0, '83': 1.0}, 'passSuccess': {'2': 100.0, '7': 100.0, '9': 100.0, '10': 50.0, '11': 100.0, '17': 100.0, '18': 75.0, '28': 100.0, '29': 100.0, '31': 100.0, '32': 100.0, '33': 100.0, '34': 100.0, '35': 100.0, '36': 100.0, '40': 100.0, '41': 100.0, '48': 100.0, '51': 100.0, '52': 100.0, '53': 100.0, '59': 100.0, '62': 100.0, '63': 100.0, '64': 100.0, '65': 100.0, '66': 100.0, '69': 100.0, '70': 100.0, '74': 100.0, '75': 100.0, '78': 100.0, '80': 100.0, '81': 100.0, '82': 100.0, '83': 100.0, '85': 100.0, '89': 100.0, '94': 100.0, '95': 100.0, '96': 100.0, '97': 100.0, '3': 0.0, '8': 0.0, '68': 0.0, '77': 0.0}, 'aerialsTotal': {'43': 1.0}, 'offensiveAerials': {'43': 1.0}, 'throwInsTotal': {'3': 1.0, '9': 1.0, '15': 1.0, '43': 1.0, '71': 1.0, '81': 1.0, '91': 1.0}, 'throwInsAccurate': {'3': 1.0, '9': 1.0, '15': 1.0, '43': 1.0, '71': 1.0, '81': 1.0}, 'tacklesTotal': {'1': 1.0, '30': 1.0}, 'tackleUnsuccesful': {'1': 1.0, '30': 1.0}, 'dribbledPast': {'1': 1.0, '30': 1.0}, 'dribblesWon': {'40': 1.0}, 'dribblesAttempted': {'40': 1.0, '14': 1.0}, 'dribblesLost': {'14': 1.0}, 'dribbleSuccess': {'40': 100.0, '14': 0.0}, 'errors': {'1': 1.0}}",,,,,,,167
5,136741,20,Bernardo Silva,DMC,173,64,29,True,False,away,"{'possession': {'2': 1.0, '4': 1.0, '7': 2.0, '8': 1.0, '9': 1.0, '10': 2.0, '15': 1.0, '17': 4.0, '18': 1.0, '28': 1.0, '31': 2.0, '33': 2.0, '34': 4.0, '36': 1.0, '40': 1.0, '41': 1.0, '48': 2.0, '50': 1.0, '51': 1.0, '52': 1.0, '53': 1.0, '58': 1.0, '59': 2.0, '61': 1.0, '62': 1.0, '66': 1.0, '69': 1.0, '74': 2.0, '75': 2.0, '76': 2.0, '77': 2.0, '82': 4.0, '83': 4.0, '86': 1.0, '90': 1.0, '92': 1.0, '95': 3.0, '98': 1.0}, 'ratings': {'0': 6.0, '2': 6.0, '4': 6.01, '7': 6.01, '8': 6.02, '9': 5.98, '10': 6.14, '15': 6.13, '17': 6.13, '18': 6.13, '19': 6.11, '25': 6.21, '28': 6.22, '31': 6.21, '33': 6.22, '34': 6.2, '36': 6.2, '40': 6.2, '41': 6.2, '48': 6.4, '50': 6.41, '51': 6.41, '52': 6.68, '53': 7.4, '55': 7.43, '58': 7.45, '59': 7.45, '61': 7.45, '62': 7.46, '64': 7.42, '66': 7.42, '69': 7.43, '70': 7.59, '74': 7.6, '75': 7.61, '76': 7.62, '77': 7.6, '82': 7.6, '83': 7.61, '84': 7.71, '86': 7.71, '87': 7.84, '89': 7.98, '90': 7.98, '92': 7.98, '93': 7.94, '95': 8.12, '98': 8.11, '100': 8.31}, 'shotsTotal': {'70': 1.0}, 'shotsOnTarget': {'70': 1.0}, 'touches': {'2': 1.0, '4': 1.0, '7': 2.0, '8': 1.0, '9': 2.0, '10': 3.0, '15': 1.0, '17': 4.0, '18': 1.0, '19': 1.0, '28': 1.0, '31': 2.0, '33': 2.0, '34': 5.0, '36': 1.0, '40': 1.0, '41': 1.0, '48': 2.0, '50': 1.0, '51': 1.0, '52': 1.0, '53': 1.0, '55': 2.0, '56': 1.0, '58': 1.0, '59': 2.0, '61': 1.0, '62': 1.0, '64': 1.0, '66': 1.0, '69': 1.0, '70': 1.0, '74': 2.0, '75': 2.0, '76': 2.0, '77': 3.0, '82': 4.0, '83': 4.0, '86': 1.0, '87': 1.0, '89': 1.0, '90': 1.0, '92': 1.0, '93': 2.0, '95': 4.0, '98': 1.0}, 'passesTotal': {'2': 1.0, '4': 1.0, '7': 2.0, '8': 1.0, '10': 2.0, '17': 3.0, '18': 1.0, '28': 1.0, '31': 2.0, '33': 2.0, '34': 4.0, '36': 1.0, '40': 1.0, '41': 1.0, '48': 2.0, '50': 1.0, '51': 1.0, '53': 1.0, '58': 1.0, '59': 2.0, '61': 1.0, '62': 1.0, '66': 1.0, '69': 1.0, '74': 2.0, '75': 2.0, '76': 2.0, '77': 2.0, '82': 4.0, '83': 4.0, '86': 1.0, '92': 1.0, '95': 3.0, '9': 1.0, '90': 1.0, '98': 1.0}, 'passesAccurate': {'2': 1.0, '4': 1.0, '7': 2.0, '8': 1.0, '10': 1.0, '17': 3.0, '18': 1.0, '28': 1.0, '31': 1.0, '33': 2.0, '34': 4.0, '36': 1.0, '40': 1.0, '41': 1.0, '48': 2.0, '50': 1.0, '51': 1.0, '53': 1.0, '58': 1.0, '59': 2.0, '61': 1.0, '62': 1.0, '66': 1.0, '69': 1.0, '74': 2.0, '75': 2.0, '76': 2.0, '77': 2.0, '82': 3.0, '83': 4.0, '86': 1.0, '92': 1.0, '95': 3.0}, 'passesKey': {'48': 1.0, '52': 1.0, '53': 1.0}, 'passSuccess': {'2': 100.0, '4': 100.0, '7': 100.0, '8': 100.0, '10': 50.0, '17': 100.0, '18': 100.0, '28': 100.0, '31': 50.0, '33': 100.0, '34': 100.0, '36': 100.0, '40': 100.0, '41': 100.0, '48': 100.0, '50': 100.0, '51': 100.0, '53': 100.0, '58': 100.0, '59': 100.0, '61': 100.0, '62': 100.0, '66': 100.0, '69': 100.0, '74': 100.0, '75': 100.0, '76': 100.0, '77': 100.0, '82': 75.0, '83': 100.0, '86': 100.0, '92': 100.0, '95': 100.0, '9': 0.0, '90': 0.0, '98': 0.0}, 'aerialsTotal': {'19': 1.0}, 'offensiveAerials': {'19': 1.0}, 'tacklesTotal': {'87': 1.0, '89': 1.0}, 'tackleSuccessful': {'87': 1.0, '89': 1.0}, 'tackleSuccess': {'87': 100.0, '89': 100.0}, 'dribblesWon': {'10': 1.0, '95': 1.0}, 'dribblesAttempted': {'10': 1.0, '95': 1.0}, 'dribbleSuccess': {'10': 100.0, '95': 100.0}, 'dispossessed': {'9': 1.0, '34': 1.0, '64': 1.0}}",,,,,,,167
6,303139,16,Rodri,DMC,190,82,27,True,False,away,"{'possession': {'2': 3.0, '3': 1.0, '4': 1.0, '6': 1.0, '7': 2.0, '8': 1.0, '9': 3.0, '11': 1.0, '12': 1.0, '14': 2.0, '15': 1.0, '16': 1.0, '17': 2.0, '28': 3.0, '29': 1.0, '31': 2.0, '34': 3.0, '35': 1.0, '36': 1.0, '40': 3.0, '41': 1.0, '43': 1.0, '48': 1.0, '50': 2.0, '52': 2.0, '53': 1.0, '56': 1.0, '58': 3.0, '59': 1.0, '60': 1.0, '61': 3.0, '62': 1.0, '64': 1.0, '65': 3.0, '67': 2.0, '68': 1.0, '71': 1.0, '74': 3.0, '75': 2.0, '76': 1.0, '78': 1.0, '79': 1.0, '81': 1.0, '82': 4.0, '83': 2.0, '85': 1.0, '86': 2.0, '87': 2.0, '92': 1.0, '94': 1.0, '95': 6.0, '96': 2.0}, 'ratings': {'0': 6.0, '2': 6.01, '3': 6.01, '4': 6.01, '6': 6.0, '7': 6.02, '8': 6.02, '9': 6.03, '11': 6.03, '12': 6.04, '14': 6.03, '15': 6.02, '16': 6.02, '17': 6.03, '21': 6.39, '25': 6.49, '28': 6.5, '29': 6.51, '31': 6.51, '34': 6.53, '35': 6.53, '36': 6.53, '40': 6.54, '41': 6.54, '43': 6.56, '45': 6.66, '46': 6.76, '48': 6.76, '50': 6.84, '52': 6.85, '53': 6.95, '55': 7.04, '56': 7.04, '58': 7.13, '59': 7.13, '60': 7.13, '61': 7.14, '62': 7.14, '64': 7.14, '65': 7.15, '67': 7.16, '68': 7.16, '71': 7.14, '72': 7.19, '74': 7.2, '75': 7.2, '76': 7.21, '78': 7.22, '79': 7.3, '81': 7.3, '82': 7.32, '83': 7.32, '84': 7.59, '85': 7.59, '86': 7.59, '87': 7.72, '92': 7.8, '94': 7.8, '95': 7.97, '96': 7.98, '98': 8.01, '100': 8.21}, 'shotsTotal': {'15': 1.0, '84': 1.0}, 'shotsOnTarget': {'84': 1.0}, 'shotsOffTarget': {'15': 1.0}, 'clearances': {'72': 1.0}, 'interceptions': {'45': 1.0}, 'touches': {'2': 3.0, '3': 1.0, '4': 1.0, '6': 1.0, '7': 2.0, '8': 1.0, '9': 3.0, '11': 1.0, '12': 1.0, '14': 2.0, '15': 2.0, '16': 1.0, '17': 2.0, '21': 1.0, '28': 3.0, '29': 1.0, '31': 2.0, '34': 3.0, '35': 1.0, '36': 1.0, '40': 3.0, '41': 1.0, '43': 1.0, '45': 1.0, '46': 2.0, '48': 1.0, '50': 2.0, '52': 2.0, '53': 1.0, '55': 1.0, '56': 1.0, '58': 3.0, '59': 1.0, '60': 1.0, '61': 3.0, '62': 1.0, '64': 1.0, '65': 3.0, '67': 2.0, '68': 1.0, '71': 1.0, '72': 1.0, '74': 3.0, '75': 2.0, '76': 1.0, '78': 1.0, '79': 1.0, '81': 1.0, '82': 4.0, '83': 2.0, '84': 1.0, '85': 1.0, '86': 2.0, '87': 3.0, '92': 1.0, '94': 1.0, '95': 7.0, '96': 2.0, '98': 1.0}, 'passesTotal': {'2': 3.0, '3': 1.0, '4': 1.0, '7': 2.0, '8': 1.0, '9': 3.0, '11': 1.0, '12': 1.0, '14': 2.0, '15': 1.0, '16': 1.0, '17': 2.0, '28': 3.0, '29': 1.0, '31': 2.0, '34': 3.0, '35': 1.0, '36': 1.0, '40': 3.0, '41': 1.0, '43': 1.0, '48': 1.0, '50': 2.0, '52': 2.0, '53': 1.0, '56': 1.0, '58': 3.0, '59': 1.0, '60': 1.0, '61': 3.0, '62': 1.0, '64': 1.0, '65': 3.0, '67': 2.0, '68': 1.0, '74': 3.0, '75': 2.0, '76': 1.0, '78': 1.0, '81': 1.0, '82': 4.0, '83': 2.0, '85': 1.0, '86': 2.0, '87': 2.0, '94': 1.0, '95': 6.0, '96': 2.0, '6': 1.0, '71': 1.0, '79': 1.0, '92': 1.0}, 'passesAccurate': {'2': 3.0, '3': 1.0, '4': 1.0, '7': 2.0, '8': 1.0, '9': 3.0, '11': 1.0, '12': 1.0, '14': 1.0, '15': 1.0, '16': 1.0, '17': 2.0, '28': 3.0, '29': 1.0, '31': 2.0, '34': 3.0, '35': 1.0, '36': 1.0, '40': 3.0, '41': 1.0, '43': 1.0, '48': 1.0, '50': 1.0, '52': 2.0, '53': 1.0, '56': 1.0, '58': 2.0, '59': 1.0, '60': 1.0, '61': 2.0, '62': 1.0, '64': 1.0, '65': 3.0, '67': 2.0, '68': 1.0, '74': 3.0, '75': 2.0, '76': 1.0, '78': 1.0, '81': 1.0, '82': 4.0, '83': 2.0, '85': 1.0, '86': 2.0, '87': 1.0, '94': 1.0, '95': 5.0, '96': 2.0}, 'passSuccess': {'2': 100.0, '3': 100.0, '4': 100.0, '7': 100.0, '8': 100.0, '9': 100.0, '11': 100.0, '12': 100.0, '14': 50.0, '15': 100.0, '16': 100.0, '17': 100.0, '28': 100.0, '29': 100.0, '31': 100.0, '34': 100.0, '35': 100.0, '36': 100.0, '40': 100.0, '41': 100.0, '43': 100.0, '48': 100.0, '50': 50.0, '52': 100.0, '53': 100.0, '56': 100.0, '58': 66.67, '59': 100.0, '60': 100.0, '61': 66.67, '62': 100.0, '64': 100.0, '65': 100.0, '67': 100.0, '68': 100.0, '74': 100.0, '75': 100.0, '76': 100.0, '78': 100.0, '81': 100.0, '82': 100.0, '83': 100.0, '85': 100.0, '86': 100.0, '87': 50.0, '94': 100.0, '95': 83.33, '96': 100.0, '6': 0.0, '71': 0.0, '79': 0.0, '92': 0.0}, 'aerialsTotal': {'50': 1.0, '58': 1.0, '79': 1.0, '92': 1.0}, 'aerialsWon': {'50': 1.0, '58': 1.0, '79': 1.0, '92': 1.0}, 'offensiveAerials': {'50': 1.0, '58': 1.0, '79': 1.0}, 'defensiveAerials': {'92': 1.0}, 'tacklesTotal': {'46': 1.0, '87': 1.0, '55': 1.0}, 'tackleSuccessful': {'46': 1.0, '87': 1.0, '55': 1.0}, 'tackleSuccess': {'46': 100.0, '87': 100.0, '55': 100.0}, 'dribblesWon': {'95': 1.0}, 'dribblesAttempted': {'95': 1.0}, 'dribbleSuccess': {'95': 100.0}, 'dispossessed': {'46': 1.0}}",,,,,,,167
7,331254,47,Phil Foden,AMR,171,70,23,True,False,away,"{'possession': {'2': 1.0, '6': 1.0, '8': 1.0, '10': 1.0, '12': 2.0, '14': 1.0, '15': 2.0, '28': 1.0, '30': 1.0, '31': 3.0, '34': 1.0, '35': 2.0, '38': 2.0, '39': 1.0, '40': 2.0, '41': 3.0, '44': 1.0, '48': 1.0, '50': 1.0, '53': 1.0, '58': 1.0, '59': 1.0, '60': 1.0, '62': 1.0, '64': 1.0, '67': 1.0, '69': 2.0, '70': 1.0, '77': 1.0, '80': 1.0, '82': 3.0, '83': 3.0, '88': 1.0, '92': 3.0, '95': 2.0}, 'ratings': {'0': 6.0, '2': 6.0, '6': 6.0, '7': 6.04, '8': 6.05, '10': 6.06, '11': 6.02, '12': 6.08, '14': 6.07, '15': 6.08, '20': 6.09, '21': 6.12, '25': 6.25, '28': 6.26, '30': 5.91, '31': 5.91, '34': 5.91, '35': 5.92, '38': 5.93, '39': 5.93, '40': 5.93, '41': 5.82, '44': 5.83, '48': 5.83, '50': 5.82, '51': 5.96, '52': 5.79, '53': 5.91, '57': 6.01, '58': 6.0, '59': 6.0, '60': 6.0, '62': 6.01, '64': 6.01, '67': 6.01, '69': 6.02, '70': 6.02, '77': 5.99, '78': 5.96, '80': 5.95, '82': 5.96, '83': 5.97, '84': 6.9, '85': 7.0, '86': 7.04, '87': 7.19, '88': 7.2, '92': 7.2, '95': 7.21, '100': 7.29}, 'shotsTotal': {'7': 1.0, '52': 1.0, '84': 1.0, '86': 1.0}, 'shotsOnTarget': {'7': 1.0, '84': 1.0}, 'shotsOffTarget': {'52': 1.0, '86': 1.0}, 'interceptions': {'57': 1.0, '85': 1.0}, 'touches': {'2': 1.0, '6': 1.0, '7': 1.0, '8': 1.0, '10': 1.0, '11': 1.0, '12': 5.0, '14': 1.0, '15': 2.0, '21': 1.0, '28': 1.0, '29': 1.0, '30': 1.0, '31': 4.0, '34': 1.0, '35': 2.0, '38': 2.0, '39': 1.0, '40': 2.0, '41': 3.0, '44': 1.0, '48': 1.0, '50': 1.0, '51': 1.0, '52': 1.0, '53': 1.0, '57': 1.0, '58': 2.0, '59': 1.0, '60': 1.0, '62': 1.0, '64': 2.0, '67': 1.0, '69': 2.0, '70': 1.0, '77': 2.0, '78': 1.0, '80': 1.0, '82': 3.0, '83': 3.0, '84': 1.0, '85': 1.0, '86': 1.0, '87': 3.0, '88': 1.0, '92': 3.0, '95': 2.0}, 'passesTotal': {'2': 1.0, '6': 1.0, '8': 1.0, '10': 1.0, '12': 2.0, '15': 2.0, '28': 1.0, '31': 3.0, '34': 1.0, '35': 2.0, '38': 2.0, '39': 1.0, '40': 2.0, '41': 3.0, '44': 1.0, '48': 1.0, '58': 1.0, '59': 1.0, '60': 1.0, '62': 1.0, '64': 1.0, '67': 1.0, '69': 2.0, '70': 1.0, '77': 1.0, '82': 3.0, '83': 3.0, '88': 1.0, '92': 3.0, '95': 2.0, '14': 1.0, '30': 1.0, '50': 1.0, '53': 1.0, '80': 1.0}, 'passesAccurate': {'2': 1.0, '6': 1.0, '8': 1.0, '10': 1.0, '12': 2.0, '15': 2.0, '28': 1.0, '31': 2.0, '34': 1.0, '35': 2.0, '38': 2.0, '39': 1.0, '40': 2.0, '41': 3.0, '44': 1.0, '48': 1.0, '58': 1.0, '59': 1.0, '60': 1.0, '62': 1.0, '64': 1.0, '67': 1.0, '69': 2.0, '70': 1.0, '77': 1.0, '82': 3.0, '83': 3.0, '88': 1.0, '92': 2.0, '95': 2.0}, 'passSuccess': {'2': 100.0, '6': 100.0, '8': 100.0, '10': 100.0, '12': 100.0, '15': 100.0, '28': 100.0, '31': 66.67, '34': 100.0, '35': 100.0, '38': 100.0, '39': 100.0, '40': 100.0, '41': 100.0, '44': 100.0, '48': 100.0, '58': 100.0, '59': 100.0, '60': 100.0, '62': 100.0, '64': 100.0, '67': 100.0, '69': 100.0, '70': 100.0, '77': 100.0, '82': 100.0, '83': 100.0, '88': 100.0, '92': 66.67, '95': 100.0, '14': 0.0, '30': 0.0, '50': 0.0, '53': 0.0, '80': 0.0}, 'aerialsTotal': {'58': 1.0}, 'offensiveAerials': {'58': 1.0}, 'cornersTotal': {'7': 1.0}, 'foulsCommited': {'41': 1.0}, 'tacklesTotal': {'51': 1.0, '12': 1.0}, 'tackleSuccessful': {'51': 1.0, '12': 1.0}, 'tackleSuccess': {'51': 100.0, '12': 100.0}, 'dribblesWon': {'87': 1.0}, 'dribblesAttempted': {'87': 2.0}, 'dribblesLost': {'87': 1.0}, 'dribbleSuccess': {'87': 50.0}, 'errors': {'30': 1.0}}",,,,,,,167
8,365409,19,Julián Álvarez,AMC,170,71,23,True,False,away,"{'possession': {'4': 2.0, '6': 1.0, '7': 1.0, '8': 1.0, '12': 2.0, '15': 1.0, '18': 1.0, '19': 2.0, '20': 3.0, '21': 1.0, '35': 2.0, '36': 1.0, '37': 1.0, '38': 1.0, '39': 1.0, '40': 1.0, '43': 1.0, '44': 2.0, '48': 1.0, '49': 1.0, '53': 1.0, '59': 1.0, '60': 1.0, '62': 3.0, '65': 3.0, '66': 1.0, '67': 2.0, '69': 2.0, '71': 1.0, '74': 1.0, '75': 1.0, '76': 2.0, '79': 2.0, '81': 2.0, '82': 3.0, '83': 1.0}, 'ratings': {'0': 6.0, '4': 6.0, '6': 6.01, '7': 6.0, '8': 6.0, '12': 6.0, '15': 6.0, '18': 6.0, '19': 5.99, '20': 5.98, '21': 5.97, '25': 6.11, '35': 6.09, '36': 6.09, '37': 6.25, '38': 6.34, '39': 6.33, '40': 6.33, '43': 6.32, '44': 6.48, '48': 6.48, '49': 6.47, '51': 6.43, '53': 6.58, '59': 6.59, '60': 6.59, '62': 6.69, '65': 6.68, '66': 6.69, '67': 6.67, '69': 6.68, '71': 6.69, '74': 6.69, '75': 6.69, '76': 6.7, '79': 6.77, '81': 6.77, '82': 6.78, '83': 6.78, '84': 6.92, '91': 7.0}, 'shotsTotal': {'37': 1.0, '59': 1.0, '67': 1.0}, 'shotsOnTarget': {'37': 1.0}, 'shotsOffTarget': {'67': 1.0}, 'shotsBlocked': {'59': 1.0}, 'touches': {'4': 2.0, '6': 1.0, '7': 1.0, '8': 1.0, '12': 2.0, '15': 1.0, '18': 1.0, '19': 2.0, '20': 3.0, '21': 1.0, '35': 2.0, '36': 1.0, '37': 2.0, '38': 1.0, '39': 1.0, '40': 1.0, '43': 1.0, '44': 3.0, '48': 1.0, '49': 1.0, '53': 1.0, '59': 2.0, '60': 1.0, '62': 3.0, '65': 3.0, '66': 1.0, '67': 3.0, '69': 2.0, '71': 1.0, '74': 1.0, '75': 1.0, '76': 2.0, '79': 2.0, '81': 2.0, '82': 4.0, '83': 1.0}, 'passesTotal': {'4': 2.0, '6': 1.0, '12': 2.0, '15': 1.0, '19': 1.0, '20': 2.0, '36': 1.0, '38': 1.0, '40': 1.0, '44': 1.0, '53': 1.0, '59': 1.0, '60': 1.0, '62': 3.0, '65': 3.0, '66': 1.0, '67': 2.0, '69': 2.0, '71': 1.0, '74': 1.0, '75': 1.0, '76': 2.0, '79': 1.0, '81': 2.0, '82': 3.0, '83': 1.0, '8': 1.0, '18': 1.0}, 'passesAccurate': {'4': 2.0, '6': 1.0, '12': 1.0, '15': 1.0, '19': 1.0, '20': 1.0, '36': 1.0, '38': 1.0, '40': 1.0, '44': 1.0, '53': 1.0, '59': 1.0, '60': 1.0, '62': 3.0, '65': 2.0, '66': 1.0, '67': 2.0, '69': 2.0, '71': 1.0, '74': 1.0, '75': 1.0, '76': 2.0, '79': 1.0, '81': 2.0, '82': 3.0, '83': 1.0}, 'passesKey': {'38': 1.0, '62': 1.0}, 'passSuccess': {'4': 100.0, '6': 100.0, '12': 50.0, '15': 100.0, '19': 100.0, '20': 50.0, '36': 100.0, '38': 100.0, '40': 100.0, '44': 100.0, '53': 100.0, '59': 100.0, '60': 100.0, '62': 100.0, '65': 66.67, '66': 100.0, '67': 100.0, '69': 100.0, '71': 100.0, '74': 100.0, '75': 100.0, '76': 100.0, '79': 100.0, '81': 100.0, '82': 100.0, '83': 100.0, '8': 0.0, '18': 0.0}, 'aerialsTotal': {'79': 1.0}, 'offensiveAerials': {'79': 1.0}, 'cornersTotal': {'18': 1.0, '35': 1.0, '37': 1.0, '48': 1.0}, 'cornersAccurate': {'19': 1.0, '76': 1.0, '79': 1.0}, 'throwInAccuracy': {'18': 0.0, '35': 0.0, '37': 0.0, '48': 0.0}, 'tacklesTotal': {'51': 1.0}, 'tackleUnsuccesful': {'51': 1.0}, 'dribbledPast': {'51': 1.0}, 'dribblesWon': {'44': 1.0}, 'dribblesAttempted': {'44': 1.0}, 'dribbleSuccess': {'44': 100.0}}",93894.0,"{'value': 2, 'displayName': 'SecondHalf'}",91.0,,,,167
9,113069,10,Jack Grealish,AML,175,76,28,True,False,away,"{'possession': {'4': 1.0, '6': 1.0, '8': 1.0, '12': 1.0, '15': 1.0, '17': 3.0, '18': 1.0, '20': 1.0, '31': 2.0, '33': 1.0, '34': 1.0, '36': 1.0, '41': 1.0, '44': 1.0, '48': 2.0, '53': 1.0, '55': 1.0, '56': 1.0, '59': 2.0, '65': 1.0, '68': 1.0, '74': 1.0, '75': 1.0, '76': 2.0, '79': 1.0, '81': 1.0, '83': 1.0, '86': 1.0, '89': 1.0}, 'ratings': {'0': 6.0, '3': 6.07, '4': 6.08, '6': 6.09, '8': 6.09, '10': 6.22, '12': 6.22, '15': 6.22, '17': 6.23, '18': 6.23, '19': 6.26, '20': 6.27, '25': 6.4, '31': 6.41, '33': 6.41, '34': 6.41, '36': 6.43, '39': 6.55, '41': 6.65, '44': 6.79, '48': 6.8, '53': 6.93, '55': 6.99, '56': 7.0, '59': 6.99, '61': 7.15, '62': 7.12, '65': 7.12, '68': 7.12, '74': 7.13, '75': 7.41, '76': 7.58, '79': 7.58, '81': 7.57, '83': 7.57, '84': 7.7, '85': 7.67, '86': 7.66, '87': 7.63, '89': 7.62, '91': 7.71}, 'shotsTotal': {'19': 1.0, '39': 1.0, '61': 1.0, '62': 1.0, '78': 1.0}, 'shotsOnTarget': {'61': 1.0}, 'shotsOffTarget': {'19': 1.0, '62': 1.0}, 'shotsBlocked': {'39': 1.0, '78': 1.0}, 'interceptions': {'3': 1.0}, 'touches': {'3': 2.0, '4': 1.0, '6': 1.0, '8': 1.0, '10': 1.0, '12': 1.0, '15': 1.0, '17': 3.0, '18': 2.0, '19': 1.0, '20': 1.0, '31': 2.0, '33': 1.0, '34': 1.0, '36': 3.0, '39': 2.0, '41': 4.0, '44': 3.0, '47': 1.0, '48': 2.0, '53': 1.0, '55': 2.0, '56': 1.0, '58': 1.0, '59': 4.0, '61': 1.0, '62': 1.0, '64': 1.0, '65': 1.0, '68': 1.0, '74': 1.0, '75': 1.0, '76': 3.0, '78': 1.0, '79': 1.0, '81': 1.0, '83': 1.0, '85': 1.0, '86': 1.0, '87': 1.0, '89': 2.0}, 'passesTotal': {'4': 1.0, '6': 1.0, '8': 1.0, '15': 1.0, '17': 3.0, '18': 1.0, '20': 1.0, '31': 2.0, '33': 1.0, '34': 1.0, '36': 1.0, '41': 1.0, '44': 1.0, '48': 2.0, '53': 1.0, '55': 1.0, '56': 1.0, '59': 2.0, '65': 1.0, '68': 1.0, '74': 1.0, '75': 1.0, '76': 1.0, '79': 1.0, '83': 1.0, '12': 1.0, '81': 1.0, '86': 1.0, '89': 1.0}, 'passesAccurate': {'4': 1.0, '6': 1.0, '8': 1.0, '15': 1.0, '17': 3.0, '18': 1.0, '20': 1.0, '31': 2.0, '33': 1.0, '34': 1.0, '36': 1.0, '41': 1.0, '44': 1.0, '48': 2.0, '53': 1.0, '55': 1.0, '56': 1.0, '59': 2.0, '65': 1.0, '68': 1.0, '74': 1.0, '75': 1.0, '76': 1.0, '79': 1.0, '83': 1.0}, 'passesKey': {'75': 1.0}, 'passSuccess': {'4': 100.0, '6': 100.0, '8': 100.0, '15': 100.0, '17': 100.0, '18': 100.0, '20': 100.0, '31': 100.0, '33': 100.0, '34': 100.0, '36': 100.0, '41': 100.0, '44': 100.0, '48': 100.0, '53': 100.0, '55': 100.0, '56': 100.0, '59': 100.0, '65': 100.0, '68': 100.0, '74': 100.0, '75': 100.0, '76': 100.0, '79': 100.0, '83': 100.0, '12': 0.0, '81': 0.0, '86': 0.0, '89': 0.0}, 'aerialsTotal': {'39': 1.0}, 'aerialsWon': {'39': 1.0}, 'offensiveAerials': {'39': 1.0}, 'cornersTotal': {'19': 1.0, '39': 1.0, '79': 1.0}, 'throwInsTotal': {'18': 1.0}, 'throwInsAccurate': {'18': 1.0}, 'tacklesTotal': {'10': 1.0}, 'tackleSuccessful': {'10': 1.0}, 'tackleSuccess': {'10': 100.0}, 'dribblesWon': {'41': 1.0, '44': 1.0, '76': 1.0}, 'dribblesAttempted': {'41': 1.0, '44': 1.0, '76': 1.0, '36': 1.0, '59': 1.0}, 'dribblesLost': {'36': 1.0, '59': 1.0}, 'dribbleSuccess': {'41': 100.0, '44': 100.0, '76': 100.0, '36': 0.0, '59': 0.0}, 'dispossessed': {'3': 1.0, '41': 2.0}}",388098.0,"{'value': 2, 'displayName': 'SecondHalf'}",91.0,,,,167
10,315227,9,Erling Haaland,FW,194,88,23,True,True,away,"{'possession': {'20': 1.0, '35': 1.0, '44': 1.0, '50': 1.0, '57': 1.0, '60': 1.0, '64': 1.0, '65': 1.0, '76': 1.0, '84': 1.0}, 'ratings': {'0': 6.0, '16': 6.04, '20': 6.04, '25': 6.74, '29': 6.71, '35': 6.71, '44': 6.72, '47': 6.68, '48': 6.7, '50': 6.78, '53': 7.78, '57': 7.77, '60': 7.77, '62': 7.74, '63': 7.77, '64': 7.78, '65': 7.77, '75': 7.8, '76': 7.81, '84': 8.63, '89': 8.61, '100': 8.66}, 'shotsTotal': {'25': 1.0, '48': 1.0, '53': 1.0, '75': 1.0, '100': 1.0}, 'shotsOnTarget': {'25': 1.0, '48': 1.0, '53': 1.0, '75': 1.0}, 'shotsBlocked': {'100': 1.0}, 'touches': {'10': 1.0, '16': 1.0, '20': 1.0, '25': 1.0, '29': 1.0, '35': 1.0, '44': 1.0, '47': 1.0, '48': 1.0, '50': 1.0, '53': 1.0, '57': 1.0, '60': 1.0, '62': 1.0, '63': 1.0, '64': 1.0, '65': 1.0, '75': 1.0, '76': 1.0, '84': 1.0, '89': 1.0, '100': 1.0}, 'passesTotal': {'20': 1.0, '35': 1.0, '44': 1.0, '60': 1.0, '64': 1.0, '76': 1.0, '84': 1.0, '50': 1.0, '57': 1.0, '65': 1.0}, 'passesAccurate': {'20': 1.0, '35': 1.0, '44': 1.0, '60': 1.0, '64': 1.0, '76': 1.0, '84': 1.0}, 'passesKey': {'84': 1.0}, 'passSuccess': {'20': 100.0, '35': 100.0, '44': 100.0, '60': 100.0, '64': 100.0, '76': 100.0, '84': 100.0, '50': 0.0, '57': 0.0, '65': 0.0}, 'aerialsTotal': {'50': 1.0, '48': 1.0, '89': 1.0}, 'aerialsWon': {'50': 1.0}, 'aerialSuccess': {'48': 0.0, '89': 0.0}, 'offensiveAerials': {'48': 1.0, '50': 1.0}, 'defensiveAerials': {'89': 1.0}, 'cornersTotal': {'75': 1.0}, 'dispossessed': {'62': 1.0}}",,,,,,,167
11,388098,11,Jérémy Doku,Sub,173,66,21,,False,away,"{'possession': {'96': 1.0, '97': 1.0}, 'ratings': {'91': 6.0, '96': 6.19, '97': 6.34, '100': 6.37}, 'touches': {'96': 4.0, '97': 3.0}, 'passesTotal': {'96': 1.0, '97': 1.0}, 'passesAccurate': {'96': 1.0, '97': 1.0}, 'passSuccess': {'96': 100.0, '97': 100.0}, 'cornersTotal': {'97': 1.0}, 'dribblesWon': {'96': 1.0, '97': 1.0}, 'dribblesAttempted': {'96': 2.0, '97': 2.0}, 'dribblesLost': {'96': 1.0, '97': 1.0}, 'dribbleSuccess': {'96': 50.0, '97': 50.0}}",,,,"{'value': 2, 'displayName': 'SecondHalf'}",91.0,113069.0,167
12,93894,8,Mateo Kovacic,Sub,177,78,29,,False,away,"{'possession': {'92': 1.0, '95': 2.0, '96': 2.0, '97': 1.0}, 'ratings': {'91': 6.0, '92': 6.14, '95': 6.14, '96': 6.15, '97': 6.15, '100': 6.18}, 'shotsTotal': {'98': 1.0}, 'shotsBlocked': {'98': 1.0}, 'clearances': {'92': 1.0}, 'touches': {'92': 2.0, '95': 2.0, '96': 2.0, '97': 1.0, '98': 1.0}, 'passesTotal': {'92': 1.0, '95': 2.0, '96': 2.0, '97': 1.0}, 'passesAccurate': {'92': 1.0, '95': 2.0, '96': 2.0, '97': 1.0}, 'passSuccess': {'92': 100.0, '95': 100.0, '96': 100.0, '97': 100.0}, 'aerialsTotal': {'92': 1.0}, 'aerialsWon': {'92': 1.0}, 'defensiveAerials': {'92': 1.0}, 'cornersAccurate': {'97': 1.0}}",,,,"{'value': 2, 'displayName': 'SecondHalf'}",91.0,365409.0,167
13,133569,18,Stefan Ortega,Sub,185,88,31,,False,away,{},,,,,,,167
14,122945,6,Nathan Aké,Sub,180,75,28,,False,away,{},,,,,,,167
15,430709,52,Oscar Bobb,Sub,174,0,20,,False,away,{},,,,,,,167
16,394933,27,Matheus Nunes,Sub,184,78,25,,False,away,{},,,,,,,167
17,355110,21,Sergio Gómez,Sub,171,68,23,,False,away,{},,,,,,,167
18,444791,82,Rico Lewis,Sub,169,0,19,,False,away,{},,,,,,,167
19,270446,4,Kalvin Phillips,Sub,178,72,27,,False,away,{},,,,,,,167
